;add;addi;addiw;addw;and;andi;auipc;beq;beqz;bnez;div;divu;divuw;divw;j;lb;lbu;lh;lhu;li;lui;lw;mul;mulh;mulhsu;mulhu;mulw;mv;nop;or;ori;rem;remu;remuw;remw;sb;seqz;sh;sll;slli;slliw;sllw;slt;slti;sltiu;sltu;sra;srai;sraiw;sraw;srl;srli;srliw;srlw;stall;sub;subw;sw;xor;xori
6a_add_1000x100;100000;1000;26;0;0;0;0;0;0;1000;0;0;0;0;1;0;0;0;0;1;26;0;0;0;0;0;0;0;11;0;0;0;0;0;0;0;0;0;0;0;0;0;0;0;0;0;0;0;0;0;0;0;0;0;129;0;0;0;0;0
6a_add_100x100;10000;100;26;0;0;0;0;0;0;100;0;0;0;0;1;0;0;0;0;1;26;0;0;0;0;0;0;0;11;0;0;0;0;0;0;0;0;0;0;0;0;0;0;0;0;0;0;0;0;0;0;0;0;0;129;0;0;0;0;0
6a_add_10x100;1000;10;26;0;0;0;0;0;0;10;0;0;0;0;1;0;0;0;0;1;26;0;0;0;0;0;0;0;11;0;0;0;0;0;0;0;0;0;0;0;0;0;0;0;0;0;0;0;0;0;0;0;0;0;123;0;0;0;0;0
6a_add_110x100;11000;110;26;0;0;0;0;0;0;110;0;0;0;0;1;0;0;0;0;1;26;0;0;0;0;0;0;0;11;0;0;0;0;0;0;0;0;0;0;0;0;0;0;0;0;0;0;0;0;0;0;0;0;0;129;0;0;0;0;0
6a_add_120x100;12000;120;26;0;0;0;0;0;0;120;0;0;0;0;1;0;0;0;0;1;26;0;0;0;0;0;0;0;11;0;0;0;0;0;0;0;0;0;0;0;0;0;0;0;0;0;0;0;0;0;0;0;0;0;129;0;0;0;0;0
6a_add_130x100;13000;130;26;0;0;0;0;0;0;130;0;0;0;0;1;0;0;0;0;1;26;0;0;0;0;0;0;0;11;0;0;0;0;0;0;0;0;0;0;0;0;0;0;0;0;0;0;0;0;0;0;0;0;0;129;0;0;0;0;0
6a_add_140x100;14000;140;26;0;0;0;0;0;0;140;0;0;0;0;1;0;0;0;0;1;26;0;0;0;0;0;0;0;11;0;0;0;0;0;0;0;0;0;0;0;0;0;0;0;0;0;0;0;0;0;0;0;0;0;129;0;0;0;0;0
6a_add_150x100;15000;150;26;0;0;0;0;0;0;150;0;0;0;0;1;0;0;0;0;1;26;0;0;0;0;0;0;0;11;0;0;0;0;0;0;0;0;0;0;0;0;0;0;0;0;0;0;0;0;0;0;0;0;0;129;0;0;0;0;0
6a_add_160x100;16000;160;26;0;0;0;0;0;0;160;0;0;0;0;1;0;0;0;0;1;26;0;0;0;0;0;0;0;11;0;0;0;0;0;0;0;0;0;0;0;0;0;0;0;0;0;0;0;0;0;0;0;0;0;129;0;0;0;0;0
6a_add_170x100;17000;170;26;0;0;0;0;0;0;170;0;0;0;0;1;0;0;0;0;1;26;0;0;0;0;0;0;0;11;0;0;0;0;0;0;0;0;0;0;0;0;0;0;0;0;0;0;0;0;0;0;0;0;0;129;0;0;0;0;0
6a_add_180x100;18000;180;26;0;0;0;0;0;0;180;0;0;0;0;1;0;0;0;0;1;26;0;0;0;0;0;0;0;11;0;0;0;0;0;0;0;0;0;0;0;0;0;0;0;0;0;0;0;0;0;0;0;0;0;129;0;0;0;0;0
6a_add_190x100;19000;190;26;0;0;0;0;0;0;190;0;0;0;0;1;0;0;0;0;1;26;0;0;0;0;0;0;0;11;0;0;0;0;0;0;0;0;0;0;0;0;0;0;0;0;0;0;0;0;0;0;0;0;0;129;0;0;0;0;0
6a_add_200x100;20000;200;26;0;0;0;0;0;0;200;0;0;0;0;1;0;0;0;0;1;26;0;0;0;0;0;0;0;11;0;0;0;0;0;0;0;0;0;0;0;0;0;0;0;0;0;0;0;0;0;0;0;0;0;129;0;0;0;0;0
6a_add_20x100;2000;20;26;0;0;0;0;0;0;20;0;0;0;0;1;0;0;0;0;1;26;0;0;0;0;0;0;0;11;0;0;0;0;0;0;0;0;0;0;0;0;0;0;0;0;0;0;0;0;0;0;0;0;0;129;0;0;0;0;0
6a_add_300x100;30000;300;26;0;0;0;0;0;0;300;0;0;0;0;1;0;0;0;0;1;26;0;0;0;0;0;0;0;11;0;0;0;0;0;0;0;0;0;0;0;0;0;0;0;0;0;0;0;0;0;0;0;0;0;129;0;0;0;0;0
6a_add_30x100;3000;30;25;0;0;0;0;0;0;30;0;0;0;0;1;0;0;0;0;1;26;0;0;0;0;0;0;0;12;0;0;0;0;0;0;0;0;0;0;0;0;0;0;0;0;0;0;0;0;0;0;0;0;0;129;0;0;0;0;0
6a_add_400x100;40000;400;26;0;0;0;0;0;0;400;0;0;0;0;1;0;0;0;0;1;26;0;0;0;0;0;0;0;11;0;0;0;0;0;0;0;0;0;0;0;0;0;0;0;0;0;0;0;0;0;0;0;0;0;129;0;0;0;0;0
6a_add_40x100;4000;40;26;0;0;0;0;0;0;40;0;0;0;0;1;0;0;0;0;1;26;0;0;0;0;0;0;0;11;0;0;0;0;0;0;0;0;0;0;0;0;0;0;0;0;0;0;0;0;0;0;0;0;0;129;0;0;0;0;0
6a_add_500x100;50000;500;26;0;0;0;0;0;0;500;0;0;0;0;1;0;0;0;0;1;26;0;0;0;0;0;0;0;11;0;0;0;0;0;0;0;0;0;0;0;0;0;0;0;0;0;0;0;0;0;0;0;0;0;129;0;0;0;0;0
6a_add_50x100;5000;50;26;0;0;0;0;0;0;50;0;0;0;0;1;0;0;0;0;1;26;0;0;0;0;0;0;0;11;0;0;0;0;0;0;0;0;0;0;0;0;0;0;0;0;0;0;0;0;0;0;0;0;0;129;0;0;0;0;0
6a_add_600x100;60000;600;26;0;0;0;0;0;0;600;0;0;0;0;1;0;0;0;0;1;26;0;0;0;0;0;0;0;11;0;0;0;0;0;0;0;0;0;0;0;0;0;0;0;0;0;0;0;0;0;0;0;0;0;129;0;0;0;0;0
6a_add_60x100;6000;60;26;0;0;0;0;0;0;60;0;0;0;0;1;0;0;0;0;1;26;0;0;0;0;0;0;0;11;0;0;0;0;0;0;0;0;0;0;0;0;0;0;0;0;0;0;0;0;0;0;0;0;0;129;0;0;0;0;0
6a_add_700x100;70000;700;26;0;0;0;0;0;0;700;0;0;0;0;1;0;0;0;0;1;26;0;0;0;0;0;0;0;11;0;0;0;0;0;0;0;0;0;0;0;0;0;0;0;0;0;0;0;0;0;0;0;0;0;129;0;0;0;0;0
6a_add_70x100;7000;70;26;0;0;0;0;0;0;70;0;0;0;0;1;0;0;0;0;1;26;0;0;0;0;0;0;0;11;0;0;0;0;0;0;0;0;0;0;0;0;0;0;0;0;0;0;0;0;0;0;0;0;0;129;0;0;0;0;0
6a_add_800x100;80000;800;26;0;0;0;0;0;0;800;0;0;0;0;1;0;0;0;0;1;26;0;0;0;0;0;0;0;11;0;0;0;0;0;0;0;0;0;0;0;0;0;0;0;0;0;0;0;0;0;0;0;0;0;129;0;0;0;0;0
6a_add_80x100;8000;80;26;0;0;0;0;0;0;80;0;0;0;0;1;0;0;0;0;1;26;0;0;0;0;0;0;0;11;0;0;0;0;0;0;0;0;0;0;0;0;0;0;0;0;0;0;0;0;0;0;0;0;0;129;0;0;0;0;0
6a_add_900x100;90000;900;26;0;0;0;0;0;0;900;0;0;0;0;1;0;0;0;0;1;26;0;0;0;0;0;0;0;11;0;0;0;0;0;0;0;0;0;0;0;0;0;0;0;0;0;0;0;0;0;0;0;0;0;129;0;0;0;0;0
6a_add_90x100;9000;90;26;0;0;0;0;0;0;90;0;0;0;0;1;0;0;0;0;1;26;0;0;0;0;0;0;0;11;0;0;0;0;0;0;0;0;0;0;0;0;0;0;0;0;0;0;0;0;0;0;0;0;0;129;0;0;0;0;0
6b_add_1000x100;100000;1000;26;0;0;0;0;0;0;1000;0;0;0;0;1;0;0;0;0;1;26;0;0;0;0;0;0;0;11;0;0;0;0;0;0;0;0;0;0;0;0;0;0;0;0;0;0;0;0;0;0;0;0;0;129;0;0;0;0;0
6b_add_100x100;10000;100;26;0;0;0;0;0;0;100;0;0;0;0;1;0;0;0;0;1;26;0;0;0;0;0;0;0;11;0;0;0;0;0;0;0;0;0;0;0;0;0;0;0;0;0;0;0;0;0;0;0;0;0;129;0;0;0;0;0
6b_add_10x100;1000;10;26;0;0;0;0;0;0;10;0;0;0;0;1;0;0;0;0;1;26;0;0;0;0;0;0;0;11;0;0;0;0;0;0;0;0;0;0;0;0;0;0;0;0;0;0;0;0;0;0;0;0;0;123;0;0;0;0;0
6b_add_110x100;11000;110;26;0;0;0;0;0;0;110;0;0;0;0;1;0;0;0;0;1;26;0;0;0;0;0;0;0;11;0;0;0;0;0;0;0;0;0;0;0;0;0;0;0;0;0;0;0;0;0;0;0;0;0;129;0;0;0;0;0
6b_add_120x100;12000;120;26;0;0;0;0;0;0;120;0;0;0;0;1;0;0;0;0;1;26;0;0;0;0;0;0;0;11;0;0;0;0;0;0;0;0;0;0;0;0;0;0;0;0;0;0;0;0;0;0;0;0;0;129;0;0;0;0;0
6b_add_130x100;13000;130;26;0;0;0;0;0;0;130;0;0;0;0;1;0;0;0;0;1;26;0;0;0;0;0;0;0;11;0;0;0;0;0;0;0;0;0;0;0;0;0;0;0;0;0;0;0;0;0;0;0;0;0;129;0;0;0;0;0
6b_add_140x100;14000;140;26;0;0;0;0;0;0;140;0;0;0;0;1;0;0;0;0;1;26;0;0;0;0;0;0;0;11;0;0;0;0;0;0;0;0;0;0;0;0;0;0;0;0;0;0;0;0;0;0;0;0;0;129;0;0;0;0;0
6b_add_150x100;15000;150;26;0;0;0;0;0;0;150;0;0;0;0;1;0;0;0;0;1;26;0;0;0;0;0;0;0;11;0;0;0;0;0;0;0;0;0;0;0;0;0;0;0;0;0;0;0;0;0;0;0;0;0;129;0;0;0;0;0
6b_add_160x100;16000;160;26;0;0;0;0;0;0;160;0;0;0;0;1;0;0;0;0;1;26;0;0;0;0;0;0;0;11;0;0;0;0;0;0;0;0;0;0;0;0;0;0;0;0;0;0;0;0;0;0;0;0;0;129;0;0;0;0;0
6b_add_170x100;17000;170;26;0;0;0;0;0;0;170;0;0;0;0;1;0;0;0;0;1;26;0;0;0;0;0;0;0;11;0;0;0;0;0;0;0;0;0;0;0;0;0;0;0;0;0;0;0;0;0;0;0;0;0;129;0;0;0;0;0
6b_add_180x100;18000;180;26;0;0;0;0;0;0;180;0;0;0;0;1;0;0;0;0;1;26;0;0;0;0;0;0;0;11;0;0;0;0;0;0;0;0;0;0;0;0;0;0;0;0;0;0;0;0;0;0;0;0;0;129;0;0;0;0;0
6b_add_190x100;19000;190;26;0;0;0;0;0;0;190;0;0;0;0;1;0;0;0;0;1;26;0;0;0;0;0;0;0;11;0;0;0;0;0;0;0;0;0;0;0;0;0;0;0;0;0;0;0;0;0;0;0;0;0;129;0;0;0;0;0
6b_add_200x100;20000;200;26;0;0;0;0;0;0;200;0;0;0;0;1;0;0;0;0;1;26;0;0;0;0;0;0;0;11;0;0;0;0;0;0;0;0;0;0;0;0;0;0;0;0;0;0;0;0;0;0;0;0;0;129;0;0;0;0;0
6b_add_20x100;2000;20;26;0;0;0;0;0;0;20;0;0;0;0;1;0;0;0;0;1;26;0;0;0;0;0;0;0;11;0;0;0;0;0;0;0;0;0;0;0;0;0;0;0;0;0;0;0;0;0;0;0;0;0;129;0;0;0;0;0
6b_add_300x100;30000;300;26;0;0;0;0;0;0;300;0;0;0;0;1;0;0;0;0;1;26;0;0;0;0;0;0;0;11;0;0;0;0;0;0;0;0;0;0;0;0;0;0;0;0;0;0;0;0;0;0;0;0;0;129;0;0;0;0;0
6b_add_30x100;3000;30;26;0;0;0;0;0;0;30;0;0;0;0;1;0;0;0;0;1;26;0;0;0;0;0;0;0;11;0;0;0;0;0;0;0;0;0;0;0;0;0;0;0;0;0;0;0;0;0;0;0;0;0;129;0;0;0;0;0
6b_add_400x100;40000;400;26;0;0;0;0;0;0;400;0;0;0;0;1;0;0;0;0;1;26;0;0;0;0;0;0;0;11;0;0;0;0;0;0;0;0;0;0;0;0;0;0;0;0;0;0;0;0;0;0;0;0;0;129;0;0;0;0;0
6b_add_40x100;4000;40;26;0;0;0;0;0;0;40;0;0;0;0;1;0;0;0;0;1;26;0;0;0;0;0;0;0;11;0;0;0;0;0;0;0;0;0;0;0;0;0;0;0;0;0;0;0;0;0;0;0;0;0;129;0;0;0;0;0
6b_add_500x100;50000;500;26;0;0;0;0;0;0;500;0;0;0;0;1;0;0;0;0;1;26;0;0;0;0;0;0;0;11;0;0;0;0;0;0;0;0;0;0;0;0;0;0;0;0;0;0;0;0;0;0;0;0;0;129;0;0;0;0;0
6b_add_50x100;5000;50;26;0;0;0;0;0;0;50;0;0;0;0;1;0;0;0;0;1;26;0;0;0;0;0;0;0;11;0;0;0;0;0;0;0;0;0;0;0;0;0;0;0;0;0;0;0;0;0;0;0;0;0;129;0;0;0;0;0
6b_add_600x100;60000;600;26;0;0;0;0;0;0;600;0;0;0;0;1;0;0;0;0;1;26;0;0;0;0;0;0;0;11;0;0;0;0;0;0;0;0;0;0;0;0;0;0;0;0;0;0;0;0;0;0;0;0;0;129;0;0;0;0;0
6b_add_60x100;6000;60;26;0;0;0;0;0;0;60;0;0;0;0;1;0;0;0;0;1;26;0;0;0;0;0;0;0;11;0;0;0;0;0;0;0;0;0;0;0;0;0;0;0;0;0;0;0;0;0;0;0;0;0;129;0;0;0;0;0
6b_add_700x100;70000;700;26;0;0;0;0;0;0;700;0;0;0;0;1;0;0;0;0;1;26;0;0;0;0;0;0;0;11;0;0;0;0;0;0;0;0;0;0;0;0;0;0;0;0;0;0;0;0;0;0;0;0;0;129;0;0;0;0;0
6b_add_70x100;7000;70;26;0;0;0;0;0;0;70;0;0;0;0;1;0;0;0;0;1;26;0;0;0;0;0;0;0;11;0;0;0;0;0;0;0;0;0;0;0;0;0;0;0;0;0;0;0;0;0;0;0;0;0;129;0;0;0;0;0
6b_add_800x100;80000;800;26;0;0;0;0;0;0;800;0;0;0;0;1;0;0;0;0;1;26;0;0;0;0;0;0;0;11;0;0;0;0;0;0;0;0;0;0;0;0;0;0;0;0;0;0;0;0;0;0;0;0;0;129;0;0;0;0;0
6b_add_80x100;8000;80;26;0;0;0;0;0;0;80;0;0;0;0;1;0;0;0;0;1;26;0;0;0;0;0;0;0;11;0;0;0;0;0;0;0;0;0;0;0;0;0;0;0;0;0;0;0;0;0;0;0;0;0;129;0;0;0;0;0
6b_add_900x100;90000;900;26;0;0;0;0;0;0;900;0;0;0;0;1;0;0;0;0;1;26;0;0;0;0;0;0;0;11;0;0;0;0;0;0;0;0;0;0;0;0;0;0;0;0;0;0;0;0;0;0;0;0;0;129;0;0;0;0;0
6b_add_90x100;9000;90;26;0;0;0;0;0;0;90;0;0;0;0;1;0;0;0;0;1;26;0;0;0;0;0;0;0;11;0;0;0;0;0;0;0;0;0;0;0;0;0;0;0;0;0;0;0;0;0;0;0;0;0;129;0;0;0;0;0
6c_add_1000x100;100000;1000;26;0;0;0;0;0;0;1000;0;0;0;0;1;0;0;0;0;1;26;0;0;0;0;0;0;0;11;0;0;0;0;0;0;0;0;0;0;0;0;0;0;0;0;0;0;0;0;0;0;0;0;0;129;0;0;0;0;0
6c_add_100x100;10000;100;26;0;0;0;0;0;0;100;0;0;0;0;1;0;0;0;0;1;26;0;0;0;0;0;0;0;11;0;0;0;0;0;0;0;0;0;0;0;0;0;0;0;0;0;0;0;0;0;0;0;0;0;129;0;0;0;0;0
6c_add_10x100;1000;10;26;0;0;0;0;0;0;10;0;0;0;0;1;0;0;0;0;1;26;0;0;0;0;0;0;0;11;0;0;0;0;0;0;0;0;0;0;0;0;0;0;0;0;0;0;0;0;0;0;0;0;0;123;0;0;0;0;0
6c_add_110x100;11000;110;26;0;0;0;0;0;0;110;0;0;0;0;1;0;0;0;0;1;26;0;0;0;0;0;0;0;11;0;0;0;0;0;0;0;0;0;0;0;0;0;0;0;0;0;0;0;0;0;0;0;0;0;129;0;0;0;0;0
6c_add_120x100;12000;120;26;0;0;0;0;0;0;120;0;0;0;0;1;0;0;0;0;1;26;0;0;0;0;0;0;0;11;0;0;0;0;0;0;0;0;0;0;0;0;0;0;0;0;0;0;0;0;0;0;0;0;0;129;0;0;0;0;0
6c_add_130x100;13000;130;26;0;0;0;0;0;0;130;0;0;0;0;1;0;0;0;0;1;26;0;0;0;0;0;0;0;11;0;0;0;0;0;0;0;0;0;0;0;0;0;0;0;0;0;0;0;0;0;0;0;0;0;129;0;0;0;0;0
6c_add_140x100;14000;140;26;0;0;0;0;0;0;140;0;0;0;0;1;0;0;0;0;1;26;0;0;0;0;0;0;0;11;0;0;0;0;0;0;0;0;0;0;0;0;0;0;0;0;0;0;0;0;0;0;0;0;0;129;0;0;0;0;0
6c_add_150x100;15000;150;26;0;0;0;0;0;0;150;0;0;0;0;1;0;0;0;0;1;26;0;0;0;0;0;0;0;11;0;0;0;0;0;0;0;0;0;0;0;0;0;0;0;0;0;0;0;0;0;0;0;0;0;129;0;0;0;0;0
6c_add_160x100;16000;160;26;0;0;0;0;0;0;160;0;0;0;0;1;0;0;0;0;1;26;0;0;0;0;0;0;0;11;0;0;0;0;0;0;0;0;0;0;0;0;0;0;0;0;0;0;0;0;0;0;0;0;0;129;0;0;0;0;0
6c_add_170x100;17000;170;26;0;0;0;0;0;0;170;0;0;0;0;1;0;0;0;0;1;26;0;0;0;0;0;0;0;11;0;0;0;0;0;0;0;0;0;0;0;0;0;0;0;0;0;0;0;0;0;0;0;0;0;129;0;0;0;0;0
6c_add_180x100;18000;180;26;0;0;0;0;0;0;180;0;0;0;0;1;0;0;0;0;1;26;0;0;0;0;0;0;0;11;0;0;0;0;0;0;0;0;0;0;0;0;0;0;0;0;0;0;0;0;0;0;0;0;0;129;0;0;0;0;0
6c_add_190x100;19000;190;26;0;0;0;0;0;0;190;0;0;0;0;1;0;0;0;0;1;26;0;0;0;0;0;0;0;11;0;0;0;0;0;0;0;0;0;0;0;0;0;0;0;0;0;0;0;0;0;0;0;0;0;129;0;0;0;0;0
6c_add_200x100;20000;200;26;0;0;0;0;0;0;200;0;0;0;0;1;0;0;0;0;1;26;0;0;0;0;0;0;0;11;0;0;0;0;0;0;0;0;0;0;0;0;0;0;0;0;0;0;0;0;0;0;0;0;0;129;0;0;0;0;0
6c_add_20x100;2000;20;26;0;0;0;0;0;0;20;0;0;0;0;1;0;0;0;0;1;26;0;0;0;0;0;0;0;11;0;0;0;0;0;0;0;0;0;0;0;0;0;0;0;0;0;0;0;0;0;0;0;0;0;129;0;0;0;0;0
6c_add_300x100;30000;300;26;0;0;0;0;0;0;300;0;0;0;0;1;0;0;0;0;1;26;0;0;0;0;0;0;0;11;0;0;0;0;0;0;0;0;0;0;0;0;0;0;0;0;0;0;0;0;0;0;0;0;0;129;0;0;0;0;0
6c_add_30x100;3000;30;26;0;0;0;0;0;0;30;0;0;0;0;1;0;0;0;0;1;26;0;0;0;0;0;0;0;11;0;0;0;0;0;0;0;0;0;0;0;0;0;0;0;0;0;0;0;0;0;0;0;0;0;129;0;0;0;0;0
6c_add_400x100;40000;400;26;0;0;0;0;0;0;400;0;0;0;0;1;0;0;0;0;1;26;0;0;0;0;0;0;0;11;0;0;0;0;0;0;0;0;0;0;0;0;0;0;0;0;0;0;0;0;0;0;0;0;0;129;0;0;0;0;0
6c_add_40x100;4000;40;26;0;0;0;0;0;0;40;0;0;0;0;1;0;0;0;0;1;26;0;0;0;0;0;0;0;11;0;0;0;0;0;0;0;0;0;0;0;0;0;0;0;0;0;0;0;0;0;0;0;0;0;129;0;0;0;0;0
6c_add_500x100;50000;500;26;0;0;0;0;0;0;500;0;0;0;0;1;0;0;0;0;1;26;0;0;0;0;0;0;0;11;0;0;0;0;0;0;0;0;0;0;0;0;0;0;0;0;0;0;0;0;0;0;0;0;0;129;0;0;0;0;0
6c_add_50x100;5000;50;26;0;0;0;0;0;0;50;0;0;0;0;1;0;0;0;0;1;26;0;0;0;0;0;0;0;11;0;0;0;0;0;0;0;0;0;0;0;0;0;0;0;0;0;0;0;0;0;0;0;0;0;129;0;0;0;0;0
6c_add_600x100;60000;600;26;0;0;0;0;0;0;600;0;0;0;0;1;0;0;0;0;1;26;0;0;0;0;0;0;0;11;0;0;0;0;0;0;0;0;0;0;0;0;0;0;0;0;0;0;0;0;0;0;0;0;0;129;0;0;0;0;0
6c_add_60x100;6000;60;26;0;0;0;0;0;0;60;0;0;0;0;1;0;0;0;0;1;26;0;0;0;0;0;0;0;11;0;0;0;0;0;0;0;0;0;0;0;0;0;0;0;0;0;0;0;0;0;0;0;0;0;129;0;0;0;0;0
6c_add_700x100;70000;700;26;0;0;0;0;0;0;700;0;0;0;0;1;0;0;0;0;1;26;0;0;0;0;0;0;0;11;0;0;0;0;0;0;0;0;0;0;0;0;0;0;0;0;0;0;0;0;0;0;0;0;0;129;0;0;0;0;0
6c_add_70x100;7000;70;26;0;0;0;0;0;0;70;0;0;0;0;1;0;0;0;0;1;26;0;0;0;0;0;0;0;11;0;0;0;0;0;0;0;0;0;0;0;0;0;0;0;0;0;0;0;0;0;0;0;0;0;129;0;0;0;0;0
6c_add_800x100;80000;800;26;0;0;0;0;0;0;800;0;0;0;0;1;0;0;0;0;1;26;0;0;0;0;0;0;0;11;0;0;0;0;0;0;0;0;0;0;0;0;0;0;0;0;0;0;0;0;0;0;0;0;0;129;0;0;0;0;0
6c_add_80x100;8000;80;26;0;0;0;0;0;0;80;0;0;0;0;1;0;0;0;0;1;26;0;0;0;0;0;0;0;11;0;0;0;0;0;0;0;0;0;0;0;0;0;0;0;0;0;0;0;0;0;0;0;0;0;129;0;0;0;0;0
6c_add_900x100;90000;900;26;0;0;0;0;0;0;900;0;0;0;0;1;0;0;0;0;1;26;0;0;0;0;0;0;0;11;0;0;0;0;0;0;0;0;0;0;0;0;0;0;0;0;0;0;0;0;0;0;0;0;0;129;0;0;0;0;0
6c_add_90x100;9000;90;26;0;0;0;0;0;0;90;0;0;0;0;1;0;0;0;0;1;26;0;0;0;0;0;0;0;11;0;0;0;0;0;0;0;0;0;0;0;0;0;0;0;0;0;0;0;0;0;0;0;0;0;129;0;0;0;0;0
7a_add_100x10;1000;100;26;0;0;0;0;0;0;100;0;0;0;0;1;0;0;0;0;1;26;0;0;0;0;0;0;0;11;0;0;0;0;0;0;0;0;0;0;0;0;0;0;0;0;0;0;0;0;0;0;0;0;0;81;0;0;0;0;0
7a_add_100x100;10000;100;26;0;0;0;0;0;0;100;0;0;0;0;1;0;0;0;0;1;26;0;0;0;0;0;0;0;11;0;0;0;0;0;0;0;0;0;0;0;0;0;0;0;0;0;0;0;0;0;0;0;0;0;129;0;0;0;0;0
7a_add_100x1000;100000;100;26;0;0;0;0;0;0;100;0;0;0;0;1;0;0;0;0;1;26;0;0;0;0;0;0;0;11;0;0;0;0;0;0;0;0;0;0;0;0;0;0;0;0;0;0;0;0;0;0;0;0;0;577;0;0;0;0;0
7a_add_100x110;11000;100;26;0;0;0;0;0;0;100;0;0;0;0;1;0;0;0;0;1;26;0;0;0;0;0;0;0;11;0;0;0;0;0;0;0;0;0;0;0;0;0;0;0;0;0;0;0;0;0;0;0;0;0;133;0;0;0;0;0
7a_add_100x120;12000;100;26;0;0;0;0;0;0;100;0;0;0;0;1;0;0;0;0;1;26;0;0;0;0;0;0;0;11;0;0;0;0;0;0;0;0;0;0;0;0;0;0;0;0;0;0;0;0;0;0;0;0;0;137;0;0;0;0;0
7a_add_100x130;13000;100;26;0;0;0;0;0;0;100;0;0;0;0;1;0;0;0;0;1;26;0;0;0;0;0;0;0;11;0;0;0;0;0;0;0;0;0;0;0;0;0;0;0;0;0;0;0;0;0;0;0;0;0;145;0;0;0;0;0
7a_add_100x140;14000;100;26;0;0;0;0;0;0;100;0;0;0;0;1;0;0;0;0;1;26;0;0;0;0;0;0;0;11;0;0;0;0;0;0;0;0;0;0;0;0;0;0;0;0;0;0;0;0;0;0;0;0;0;151;0;0;0;0;0
7a_add_100x150;15000;100;26;0;0;0;0;0;0;100;0;0;0;0;1;0;0;0;0;1;26;0;0;0;0;0;0;0;11;0;0;0;0;0;0;0;0;0;0;0;0;0;0;0;0;0;0;0;0;0;0;0;0;0;153;0;0;0;0;0
7a_add_100x160;16000;100;26;0;0;0;0;0;0;100;0;0;0;0;1;0;0;0;0;1;26;0;0;0;0;0;0;0;11;0;0;0;0;0;0;0;0;0;0;0;0;0;0;0;0;0;0;0;0;0;0;0;0;0;161;0;0;0;0;0
7a_add_100x170;17000;100;26;0;0;0;0;0;0;100;0;0;0;0;1;0;0;0;0;1;26;0;0;0;0;0;0;0;11;0;0;0;0;0;0;0;0;0;0;0;0;0;0;0;0;0;0;0;0;0;0;0;0;0;161;0;0;0;0;0
7a_add_100x180;18000;100;26;0;0;0;0;0;0;100;0;0;0;0;1;0;0;0;0;1;26;0;0;0;0;0;0;0;11;0;0;0;0;0;0;0;0;0;0;0;0;0;0;0;0;0;0;0;0;0;0;0;0;0;169;0;0;0;0;0
7a_add_100x190;19000;100;26;0;0;0;0;0;0;100;0;0;0;0;1;0;0;0;0;1;26;0;0;0;0;0;0;0;11;0;0;0;0;0;0;0;0;0;0;0;0;0;0;0;0;0;0;0;0;0;0;0;0;0;173;0;0;0;0;0
7a_add_100x20;2000;100;26;0;0;0;0;0;0;100;0;0;0;0;1;0;0;0;0;1;26;0;0;0;0;0;0;0;11;0;0;0;0;0;0;0;0;0;0;0;0;0;0;0;0;0;0;0;0;0;0;0;0;0;89;0;0;0;0;0
7a_add_100x200;20000;100;26;0;0;0;0;0;0;100;0;0;0;0;1;0;0;0;0;1;26;0;0;0;0;0;0;0;11;0;0;0;0;0;0;0;0;0;0;0;0;0;0;0;0;0;0;0;0;0;0;0;0;0;177;0;0;0;0;0
7a_add_100x30;3000;100;26;0;0;0;0;0;0;100;0;0;0;0;1;0;0;0;0;1;26;0;0;0;0;0;0;0;11;0;0;0;0;0;0;0;0;0;0;0;0;0;0;0;0;0;0;0;0;0;0;0;0;0;93;0;0;0;0;0
7a_add_100x300;30000;100;26;0;0;0;0;0;0;100;0;0;0;0;1;0;0;0;0;1;26;0;0;0;0;0;0;0;11;0;0;0;0;0;0;0;0;0;0;0;0;0;0;0;0;0;0;0;0;0;0;0;0;0;231;0;0;0;0;0
7a_add_100x40;4000;100;26;0;0;0;0;0;0;100;0;0;0;0;1;0;0;0;0;1;26;0;0;0;0;0;0;0;11;0;0;0;0;0;0;0;0;0;0;0;0;0;0;0;0;0;0;0;0;0;0;0;0;0;97;0;0;0;0;0
7a_add_100x400;40000;100;26;0;0;0;0;0;0;100;0;0;0;0;1;0;0;0;0;1;26;0;0;0;0;0;0;0;11;0;0;0;0;0;0;0;0;0;0;0;0;0;0;0;0;0;0;0;0;0;0;0;0;0;281;0;0;0;0;0
7a_add_100x50;5000;100;25;0;0;0;0;0;0;100;0;0;0;0;1;0;0;0;0;1;26;0;0;0;0;0;0;0;12;0;0;0;0;0;0;0;0;0;0;0;0;0;0;0;0;0;0;0;0;0;0;0;0;0;105;0;0;0;0;0
7a_add_100x500;50000;100;26;0;0;0;0;0;0;100;0;0;0;0;1;0;0;0;0;1;26;0;0;0;0;0;0;0;11;0;0;0;0;0;0;0;0;0;0;0;0;0;0;0;0;0;0;0;0;0;0;0;0;0;329;0;0;0;0;0
7a_add_100x60;6000;100;26;0;0;0;0;0;0;100;0;0;0;0;1;0;0;0;0;1;26;0;0;0;0;0;0;0;11;0;0;0;0;0;0;0;0;0;0;0;0;0;0;0;0;0;0;0;0;0;0;0;0;0;111;0;0;0;0;0
7a_add_100x600;60000;100;26;0;0;0;0;0;0;100;0;0;0;0;1;0;0;0;0;1;26;0;0;0;0;0;0;0;11;0;0;0;0;0;0;0;0;0;0;0;0;0;0;0;0;0;0;0;0;0;0;0;0;0;377;0;0;0;0;0
7a_add_100x70;7000;100;26;0;0;0;0;0;0;100;0;0;0;0;1;0;0;0;0;1;26;0;0;0;0;0;0;0;11;0;0;0;0;0;0;0;0;0;0;0;0;0;0;0;0;0;0;0;0;0;0;0;0;0;113;0;0;0;0;0
7a_add_100x700;70000;100;26;0;0;0;0;0;0;100;0;0;0;0;1;0;0;0;0;1;26;0;0;0;0;0;0;0;11;0;0;0;0;0;0;0;0;0;0;0;0;0;0;0;0;0;0;0;0;0;0;0;0;0;431;0;0;0;0;0
7a_add_100x80;8000;100;26;0;0;0;0;0;0;100;0;0;0;0;1;0;0;0;0;1;26;0;0;0;0;0;0;0;11;0;0;0;0;0;0;0;0;0;0;0;0;0;0;0;0;0;0;0;0;0;0;0;0;0;121;0;0;0;0;0
7a_add_100x800;80000;100;26;0;0;0;0;0;0;100;0;0;0;0;1;0;0;0;0;1;26;0;0;0;0;0;0;0;11;0;0;0;0;0;0;0;0;0;0;0;0;0;0;0;0;0;0;0;0;0;0;0;0;0;481;0;0;0;0;0
7a_add_100x90;9000;100;26;0;0;0;0;0;0;100;0;0;0;0;1;0;0;0;0;1;26;0;0;0;0;0;0;0;11;0;0;0;0;0;0;0;0;0;0;0;0;0;0;0;0;0;0;0;0;0;0;0;0;0;121;0;0;0;0;0
7a_add_100x900;90000;100;26;0;0;0;0;0;0;100;0;0;0;0;1;0;0;0;0;1;26;0;0;0;0;0;0;0;11;0;0;0;0;0;0;0;0;0;0;0;0;0;0;0;0;0;0;0;0;0;0;0;0;0;529;0;0;0;0;0
7b_add_100x10;1000;100;26;0;0;0;0;0;0;100;0;0;0;0;1;0;0;0;0;1;26;0;0;0;0;0;0;0;11;0;0;0;0;0;0;0;0;0;0;0;0;0;0;0;0;0;0;0;0;0;0;0;0;0;81;0;0;0;0;0
7b_add_100x100;10000;100;26;0;0;0;0;0;0;100;0;0;0;0;1;0;0;0;0;1;26;0;0;0;0;0;0;0;11;0;0;0;0;0;0;0;0;0;0;0;0;0;0;0;0;0;0;0;0;0;0;0;0;0;129;0;0;0;0;0
7b_add_100x1000;100000;100;26;0;0;0;0;0;0;100;0;0;0;0;1;0;0;0;0;1;26;0;0;0;0;0;0;0;11;0;0;0;0;0;0;0;0;0;0;0;0;0;0;0;0;0;0;0;0;0;0;0;0;0;577;0;0;0;0;0
7b_add_100x110;11000;100;26;0;0;0;0;0;0;100;0;0;0;0;1;0;0;0;0;1;26;0;0;0;0;0;0;0;11;0;0;0;0;0;0;0;0;0;0;0;0;0;0;0;0;0;0;0;0;0;0;0;0;0;133;0;0;0;0;0
7b_add_100x120;12000;100;26;0;0;0;0;0;0;100;0;0;0;0;1;0;0;0;0;1;26;0;0;0;0;0;0;0;11;0;0;0;0;0;0;0;0;0;0;0;0;0;0;0;0;0;0;0;0;0;0;0;0;0;137;0;0;0;0;0
7b_add_100x130;13000;100;26;0;0;0;0;0;0;100;0;0;0;0;1;0;0;0;0;1;26;0;0;0;0;0;0;0;11;0;0;0;0;0;0;0;0;0;0;0;0;0;0;0;0;0;0;0;0;0;0;0;0;0;145;0;0;0;0;0
7b_add_100x140;14000;100;26;0;0;0;0;0;0;100;0;0;0;0;1;0;0;0;0;1;26;0;0;0;0;0;0;0;11;0;0;0;0;0;0;0;0;0;0;0;0;0;0;0;0;0;0;0;0;0;0;0;0;0;151;0;0;0;0;0
7b_add_100x150;15000;100;25;0;0;0;0;0;0;100;0;0;0;0;1;0;0;0;0;1;26;0;0;0;0;0;0;0;12;0;0;0;0;0;0;0;0;0;0;0;0;0;0;0;0;0;0;0;0;0;0;0;0;0;153;0;0;0;0;0
7b_add_100x160;16000;100;26;0;0;0;0;0;0;100;0;0;0;0;1;0;0;0;0;1;26;0;0;0;0;0;0;0;11;0;0;0;0;0;0;0;0;0;0;0;0;0;0;0;0;0;0;0;0;0;0;0;0;0;161;0;0;0;0;0
7b_add_100x170;17000;100;26;0;0;0;0;0;0;100;0;0;0;0;1;0;0;0;0;1;26;0;0;0;0;0;0;0;11;0;0;0;0;0;0;0;0;0;0;0;0;0;0;0;0;0;0;0;0;0;0;0;0;0;161;0;0;0;0;0
7b_add_100x180;18000;100;26;0;0;0;0;0;0;100;0;0;0;0;1;0;0;0;0;1;26;0;0;0;0;0;0;0;11;0;0;0;0;0;0;0;0;0;0;0;0;0;0;0;0;0;0;0;0;0;0;0;0;0;169;0;0;0;0;0
7b_add_100x190;19000;100;26;0;0;0;0;0;0;100;0;0;0;0;1;0;0;0;0;1;26;0;0;0;0;0;0;0;11;0;0;0;0;0;0;0;0;0;0;0;0;0;0;0;0;0;0;0;0;0;0;0;0;0;173;0;0;0;0;0
7b_add_100x20;2000;100;26;0;0;0;0;0;0;100;0;0;0;0;1;0;0;0;0;1;26;0;0;0;0;0;0;0;11;0;0;0;0;0;0;0;0;0;0;0;0;0;0;0;0;0;0;0;0;0;0;0;0;0;89;0;0;0;0;0
7b_add_100x200;20000;100;26;0;0;0;0;0;0;100;0;0;0;0;1;0;0;0;0;1;26;0;0;0;0;0;0;0;11;0;0;0;0;0;0;0;0;0;0;0;0;0;0;0;0;0;0;0;0;0;0;0;0;0;177;0;0;0;0;0
7b_add_100x30;3000;100;26;0;0;0;0;0;0;100;0;0;0;0;1;0;0;0;0;1;26;0;0;0;0;0;0;0;11;0;0;0;0;0;0;0;0;0;0;0;0;0;0;0;0;0;0;0;0;0;0;0;0;0;93;0;0;0;0;0
7b_add_100x300;30000;100;26;0;0;0;0;0;0;100;0;0;0;0;1;0;0;0;0;1;26;0;0;0;0;0;0;0;11;0;0;0;0;0;0;0;0;0;0;0;0;0;0;0;0;0;0;0;0;0;0;0;0;0;231;0;0;0;0;0
7b_add_100x40;4000;100;26;0;0;0;0;0;0;100;0;0;0;0;1;0;0;0;0;1;26;0;0;0;0;0;0;0;11;0;0;0;0;0;0;0;0;0;0;0;0;0;0;0;0;0;0;0;0;0;0;0;0;0;97;0;0;0;0;0
7b_add_100x400;40000;100;26;0;0;0;0;0;0;100;0;0;0;0;1;0;0;0;0;1;26;0;0;0;0;0;0;0;11;0;0;0;0;0;0;0;0;0;0;0;0;0;0;0;0;0;0;0;0;0;0;0;0;0;281;0;0;0;0;0
7b_add_100x50;5000;100;26;0;0;0;0;0;0;100;0;0;0;0;1;0;0;0;0;1;26;0;0;0;0;0;0;0;11;0;0;0;0;0;0;0;0;0;0;0;0;0;0;0;0;0;0;0;0;0;0;0;0;0;105;0;0;0;0;0
7b_add_100x500;50000;100;26;0;0;0;0;0;0;100;0;0;0;0;1;0;0;0;0;1;26;0;0;0;0;0;0;0;11;0;0;0;0;0;0;0;0;0;0;0;0;0;0;0;0;0;0;0;0;0;0;0;0;0;329;0;0;0;0;0
7b_add_100x60;6000;100;26;0;0;0;0;0;0;100;0;0;0;0;1;0;0;0;0;1;26;0;0;0;0;0;0;0;11;0;0;0;0;0;0;0;0;0;0;0;0;0;0;0;0;0;0;0;0;0;0;0;0;0;111;0;0;0;0;0
7b_add_100x600;60000;100;26;0;0;0;0;0;0;100;0;0;0;0;1;0;0;0;0;1;26;0;0;0;0;0;0;0;11;0;0;0;0;0;0;0;0;0;0;0;0;0;0;0;0;0;0;0;0;0;0;0;0;0;377;0;0;0;0;0
7b_add_100x70;7000;100;26;0;0;0;0;0;0;100;0;0;0;0;1;0;0;0;0;1;26;0;0;0;0;0;0;0;11;0;0;0;0;0;0;0;0;0;0;0;0;0;0;0;0;0;0;0;0;0;0;0;0;0;113;0;0;0;0;0
7b_add_100x700;70000;100;26;0;0;0;0;0;0;100;0;0;0;0;1;0;0;0;0;1;26;0;0;0;0;0;0;0;11;0;0;0;0;0;0;0;0;0;0;0;0;0;0;0;0;0;0;0;0;0;0;0;0;0;431;0;0;0;0;0
7b_add_100x80;8000;100;26;0;0;0;0;0;0;100;0;0;0;0;1;0;0;0;0;1;26;0;0;0;0;0;0;0;11;0;0;0;0;0;0;0;0;0;0;0;0;0;0;0;0;0;0;0;0;0;0;0;0;0;121;0;0;0;0;0
7b_add_100x800;80000;100;26;0;0;0;0;0;0;100;0;0;0;0;1;0;0;0;0;1;26;0;0;0;0;0;0;0;11;0;0;0;0;0;0;0;0;0;0;0;0;0;0;0;0;0;0;0;0;0;0;0;0;0;481;0;0;0;0;0
7b_add_100x90;9000;100;26;0;0;0;0;0;0;100;0;0;0;0;1;0;0;0;0;1;26;0;0;0;0;0;0;0;11;0;0;0;0;0;0;0;0;0;0;0;0;0;0;0;0;0;0;0;0;0;0;0;0;0;121;0;0;0;0;0
7b_add_100x900;90000;100;26;0;0;0;0;0;0;100;0;0;0;0;1;0;0;0;0;1;26;0;0;0;0;0;0;0;11;0;0;0;0;0;0;0;0;0;0;0;0;0;0;0;0;0;0;0;0;0;0;0;0;0;529;0;0;0;0;0
7c_add_100x10;1000;100;26;0;0;0;0;0;0;100;0;0;0;0;1;0;0;0;0;1;26;0;0;0;0;0;0;0;11;0;0;0;0;0;0;0;0;0;0;0;0;0;0;0;0;0;0;0;0;0;0;0;0;0;81;0;0;0;0;0
7c_add_100x100;10000;100;26;0;0;0;0;0;0;100;0;0;0;0;1;0;0;0;0;1;26;0;0;0;0;0;0;0;11;0;0;0;0;0;0;0;0;0;0;0;0;0;0;0;0;0;0;0;0;0;0;0;0;0;129;0;0;0;0;0
7c_add_100x1000;0;0;0;0;0;0;0;0;0;0;0;0;0;0;0;0;0;0;0;0;0;0;0;0;0;0;0;0;0;0;0;0;0;0;0;0;0;0;0;0;0;0;0;0;0;0;0;0;0;0;0;0;0;0;0;0;0;0;0;0
7c_add_100x110;11000;100;26;0;0;0;0;0;0;100;0;0;0;0;1;0;0;0;0;1;26;0;0;0;0;0;0;0;11;0;0;0;0;0;0;0;0;0;0;0;0;0;0;0;0;0;0;0;0;0;0;0;0;0;133;0;0;0;0;0
7c_add_100x120;12000;100;26;0;0;0;0;0;0;100;0;0;0;0;1;0;0;0;0;1;26;0;0;0;0;0;0;0;11;0;0;0;0;0;0;0;0;0;0;0;0;0;0;0;0;0;0;0;0;0;0;0;0;0;137;0;0;0;0;0
7c_add_100x130;13000;100;26;0;0;0;0;0;0;100;0;0;0;0;1;0;0;0;0;1;26;0;0;0;0;0;0;0;11;0;0;0;0;0;0;0;0;0;0;0;0;0;0;0;0;0;0;0;0;0;0;0;0;0;145;0;0;0;0;0
7c_add_100x140;0;0;0;0;0;0;0;0;0;0;0;0;0;0;0;0;0;0;0;0;0;0;0;0;0;0;0;0;0;0;0;0;0;0;0;0;0;0;0;0;0;0;0;0;0;0;0;0;0;0;0;0;0;0;0;0;0;0;0;0
7c_add_100x150;0;0;0;0;0;0;0;0;0;0;0;0;0;0;0;0;0;0;0;0;0;0;0;0;0;0;0;0;0;0;0;0;0;0;0;0;0;0;0;0;0;0;0;0;0;0;0;0;0;0;0;0;0;0;0;0;0;0;0;0
7c_add_100x160;0;0;0;0;0;0;0;0;0;0;0;0;0;0;0;0;0;0;0;0;0;0;0;0;0;0;0;0;0;0;0;0;0;0;0;0;0;0;0;0;0;0;0;0;0;0;0;0;0;0;0;0;0;0;0;0;0;0;0;0
7c_add_100x170;0;0;0;0;0;0;0;0;0;0;0;0;0;0;0;0;0;0;0;0;0;0;0;0;0;0;0;0;0;0;0;0;0;0;0;0;0;0;0;0;0;0;0;0;0;0;0;0;0;0;0;0;0;0;0;0;0;0;0;0
7c_add_100x180;18000;100;26;0;0;0;0;0;0;100;0;0;0;0;1;0;0;0;0;1;26;0;0;0;0;0;0;0;11;0;0;0;0;0;0;0;0;0;0;0;0;0;0;0;0;0;0;0;0;0;0;0;0;0;169;0;0;0;0;0
7c_add_100x190;19000;100;26;0;0;0;0;0;0;100;0;0;0;0;1;0;0;0;0;1;26;0;0;0;0;0;0;0;11;0;0;0;0;0;0;0;0;0;0;0;0;0;0;0;0;0;0;0;0;0;0;0;0;0;173;0;0;0;0;0
7c_add_100x20;2000;100;26;0;0;0;0;0;0;100;0;0;0;0;1;0;0;0;0;1;26;0;0;0;0;0;0;0;11;0;0;0;0;0;0;0;0;0;0;0;0;0;0;0;0;0;0;0;0;0;0;0;0;0;89;0;0;0;0;0
7c_add_100x200;20000;100;26;0;0;0;0;0;0;100;0;0;0;0;1;0;0;0;0;1;26;0;0;0;0;0;0;0;11;0;0;0;0;0;0;0;0;0;0;0;0;0;0;0;0;0;0;0;0;0;0;0;0;0;177;0;0;0;0;0
7c_add_100x30;3000;100;26;0;0;0;0;0;0;100;0;0;0;0;1;0;0;0;0;1;26;0;0;0;0;0;0;0;11;0;0;0;0;0;0;0;0;0;0;0;0;0;0;0;0;0;0;0;0;0;0;0;0;0;93;0;0;0;0;0
7c_add_100x300;30000;100;26;0;0;0;0;0;0;100;0;0;0;0;1;0;0;0;0;1;26;0;0;0;0;0;0;0;11;0;0;0;0;0;0;0;0;0;0;0;0;0;0;0;0;0;0;0;0;0;0;0;0;0;231;0;0;0;0;0
7c_add_100x40;4000;100;26;0;0;0;0;0;0;100;0;0;0;0;1;0;0;0;0;1;26;0;0;0;0;0;0;0;11;0;0;0;0;0;0;0;0;0;0;0;0;0;0;0;0;0;0;0;0;0;0;0;0;0;97;0;0;0;0;0
7c_add_100x400;40000;100;26;0;0;0;0;0;0;100;0;0;0;0;1;0;0;0;0;1;26;0;0;0;0;0;0;0;11;0;0;0;0;0;0;0;0;0;0;0;0;0;0;0;0;0;0;0;0;0;0;0;0;0;281;0;0;0;0;0
7c_add_100x50;5000;100;26;0;0;0;0;0;0;100;0;0;0;0;1;0;0;0;0;1;26;0;0;0;0;0;0;0;11;0;0;0;0;0;0;0;0;0;0;0;0;0;0;0;0;0;0;0;0;0;0;0;0;0;105;0;0;0;0;0
7c_add_100x500;50000;100;26;0;0;0;0;0;0;100;0;0;0;0;1;0;0;0;0;1;26;0;0;0;0;0;0;0;11;0;0;0;0;0;0;0;0;0;0;0;0;0;0;0;0;0;0;0;0;0;0;0;0;0;329;0;0;0;0;0
7c_add_100x60;6000;100;26;0;0;0;0;0;0;100;0;0;0;0;1;0;0;0;0;1;26;0;0;0;0;0;0;0;11;0;0;0;0;0;0;0;0;0;0;0;0;0;0;0;0;0;0;0;0;0;0;0;0;0;111;0;0;0;0;0
7c_add_100x600;60000;100;26;0;0;0;0;0;0;100;0;0;0;0;1;0;0;0;0;1;26;0;0;0;0;0;0;0;11;0;0;0;0;0;0;0;0;0;0;0;0;0;0;0;0;0;0;0;0;0;0;0;0;0;377;0;0;0;0;0
7c_add_100x70;7000;100;26;0;0;0;0;0;0;100;0;0;0;0;1;0;0;0;0;1;26;0;0;0;0;0;0;0;11;0;0;0;0;0;0;0;0;0;0;0;0;0;0;0;0;0;0;0;0;0;0;0;0;0;113;0;0;0;0;0
7c_add_100x700;70000;100;26;0;0;0;0;0;0;100;0;0;0;0;1;0;0;0;0;1;26;0;0;0;0;0;0;0;11;0;0;0;0;0;0;0;0;0;0;0;0;0;0;0;0;0;0;0;0;0;0;0;0;0;431;0;0;0;0;0
7c_add_100x80;8000;100;26;0;0;0;0;0;0;100;0;0;0;0;1;0;0;0;0;1;26;0;0;0;0;0;0;0;11;0;0;0;0;0;0;0;0;0;0;0;0;0;0;0;0;0;0;0;0;0;0;0;0;0;121;0;0;0;0;0
7c_add_100x800;80000;100;26;0;0;0;0;0;0;100;0;0;0;0;1;0;0;0;0;1;26;0;0;0;0;0;0;0;11;0;0;0;0;0;0;0;0;0;0;0;0;0;0;0;0;0;0;0;0;0;0;0;0;0;481;0;0;0;0;0
7c_add_100x90;9000;100;26;0;0;0;0;0;0;100;0;0;0;0;1;0;0;0;0;1;26;0;0;0;0;0;0;0;11;0;0;0;0;0;0;0;0;0;0;0;0;0;0;0;0;0;0;0;0;0;0;0;0;0;121;0;0;0;0;0
7c_add_100x900;90000;100;26;0;0;0;0;0;0;100;0;0;0;0;1;0;0;0;0;1;26;0;0;0;0;0;0;0;11;0;0;0;0;0;0;0;0;0;0;0;0;0;0;0;0;0;0;0;0;0;0;0;0;0;529;0;0;0;0;0
8a_add_100x100;10000;100;26;0;0;0;0;0;0;100;0;0;0;0;1;0;0;0;0;1;26;0;0;0;0;0;0;0;11;0;0;0;0;0;0;0;0;0;0;0;0;0;0;0;0;0;0;0;0;0;0;0;0;0;129;0;0;0;0;0
8a_addi_100x100;0;10100;26;0;0;0;0;0;0;100;0;0;0;0;1;0;0;0;0;1;26;0;0;0;0;0;0;0;11;0;0;0;0;0;0;0;0;0;0;0;0;0;0;0;0;0;0;0;0;0;0;0;0;0;129;0;0;0;0;0
8a_addiw_100x100;0;100;10026;0;0;0;0;0;0;100;0;0;0;0;1;0;0;0;0;1;26;0;0;0;0;0;0;0;11;0;0;0;0;0;0;0;0;0;0;0;0;0;0;0;0;0;0;0;0;0;0;0;0;0;129;0;0;0;0;0
8a_addw_100x100;0;100;26;10000;0;0;0;0;0;100;0;0;0;0;1;0;0;0;0;1;26;0;0;0;0;0;0;0;11;0;0;0;0;0;0;0;0;0;0;0;0;0;0;0;0;0;0;0;0;0;0;0;0;0;129;0;0;0;0;0
8a_and_100x100;0;100;26;0;10000;0;0;0;0;100;0;0;0;0;1;0;0;0;0;1;26;0;0;0;0;0;0;0;11;0;0;0;0;0;0;0;0;0;0;0;0;0;0;0;0;0;0;0;0;0;0;0;0;0;129;0;0;0;0;0
8a_andi_100x100;0;100;26;0;0;10000;0;0;0;100;0;0;0;0;1;0;0;0;0;1;26;0;0;0;0;0;0;0;11;0;0;0;0;0;0;0;0;0;0;0;0;0;0;0;0;0;0;0;0;0;0;0;0;0;129;0;0;0;0;0
8a_auipc_100x100;0;100;26;0;0;0;10000;0;0;100;0;0;0;0;1;0;0;0;0;1;26;0;0;0;0;0;0;0;11;0;0;0;0;0;0;0;0;0;0;0;0;0;0;0;0;0;0;0;0;0;0;0;0;0;129;0;0;0;0;0
8a_div_100x100;0;100;26;0;0;0;0;0;0;100;10000;0;0;0;1;0;0;0;0;1;26;0;0;0;0;0;0;0;11;0;0;0;0;0;0;0;0;0;0;0;0;0;0;0;0;0;0;0;0;0;0;0;0;0;63562;0;0;0;0;0
8a_divu_100x100;0;100;26;0;0;0;0;0;0;100;0;10000;0;0;1;0;0;0;0;1;26;0;0;0;0;0;0;0;11;0;0;0;0;0;0;0;0;0;0;0;0;0;0;0;0;0;0;0;0;0;0;0;0;0;60450;0;0;0;0;0
8a_divuw_100x100;0;100;26;0;0;0;0;0;0;100;0;0;10000;0;1;0;0;0;0;1;26;0;0;0;0;0;0;0;11;0;0;0;0;0;0;0;0;0;0;0;0;0;0;0;0;0;0;0;0;0;0;0;0;0;60064;0;0;0;0;0
8a_divw_100x100;0;100;26;0;0;0;0;0;0;100;0;0;0;10000;1;0;0;0;0;1;26;0;0;0;0;0;0;0;11;0;0;0;0;0;0;0;0;0;0;0;0;0;0;0;0;0;0;0;0;0;0;0;0;0;60964;0;0;0;0;0
8a_lb_100x100;0;0;26;0;0;0;0;0;0;0;0;0;0;0;0;1;0;0;0;1;26;0;0;0;0;0;0;0;11;0;0;0;0;0;0;0;0;0;0;0;0;0;0;0;0;0;0;0;0;0;0;0;0;0;249898;0;0;0;0;0
8a_lbu_100x100;0;0;26;0;0;0;0;0;0;0;0;0;0;0;0;0;1;0;0;1;26;0;0;0;0;0;0;0;11;0;0;0;0;0;0;0;0;0;0;0;0;0;0;0;0;0;0;0;0;0;0;0;0;0;249898;0;0;0;0;0
8a_lh_100x100;0;0;26;0;0;0;0;0;0;0;0;0;0;0;0;0;0;1;0;1;26;0;0;0;0;0;0;0;11;0;0;0;0;0;0;0;0;0;0;0;0;0;0;0;0;0;0;0;0;0;0;0;0;0;249898;0;0;0;0;0
8a_lhu_100x100;0;0;26;0;0;0;0;0;0;0;0;0;0;0;0;0;0;0;1;1;26;0;0;0;0;0;0;0;11;0;0;0;0;0;0;0;0;0;0;0;0;0;0;0;0;0;0;0;0;0;0;0;0;0;249898;0;0;0;0;0
8a_lui_100x100;0;100;26;0;0;0;0;0;0;100;0;0;0;0;1;0;0;0;0;1;10026;0;0;0;0;0;0;0;11;0;0;0;0;0;0;0;0;0;0;0;0;0;0;0;0;0;0;0;0;0;0;0;0;0;129;0;0;0;0;0
8a_lw_100x100;0;0;26;0;0;0;0;0;0;0;0;0;0;0;0;0;0;0;0;1;26;1;0;0;0;0;0;0;11;0;0;0;0;0;0;0;0;0;0;0;0;0;0;0;0;0;0;0;0;0;0;0;0;0;249898;0;0;0;0;0
8a_mul_100x100;0;100;26;0;0;0;0;0;0;100;0;0;0;0;1;0;0;0;0;1;26;0;10000;0;0;0;0;0;11;0;0;0;0;0;0;0;0;0;0;0;0;0;0;0;0;0;0;0;0;0;0;0;0;0;58662;0;0;0;0;0
8a_mulh_100x100;0;100;26;0;0;0;0;0;0;100;0;0;0;0;1;0;0;0;0;1;26;0;0;10000;0;0;0;0;11;0;0;0;0;0;0;0;0;0;0;0;0;0;0;0;0;0;0;0;0;0;0;0;0;0;110639;0;0;0;0;0
8a_mulhsu_100x100;0;100;26;0;0;0;0;0;0;100;0;0;0;0;1;0;0;0;0;1;26;0;0;0;10000;0;0;0;11;0;0;0;0;0;0;0;0;0;0;0;0;0;0;0;0;0;0;0;0;0;0;0;0;0;109836;0;0;0;0;0
8a_mulhu_100x100;0;100;26;0;0;0;0;0;0;100;0;0;0;0;1;0;0;0;0;1;26;0;0;0;0;10000;0;0;11;0;0;0;0;0;0;0;0;0;0;0;0;0;0;0;0;0;0;0;0;0;0;0;0;0;109846;0;0;0;0;0
8a_mulw_100x100;0;100;26;0;0;0;0;0;0;100;0;0;0;0;1;0;0;0;0;1;26;0;0;0;0;0;10000;0;11;0;0;0;0;0;0;0;0;0;0;0;0;0;0;0;0;0;0;0;0;0;0;0;0;0;57850;0;0;0;0;0
8a_mv_100x100;0;100;26;0;0;0;0;0;0;100;0;0;0;0;1;0;0;0;0;1;26;0;0;0;0;0;0;10000;11;0;0;0;0;0;0;0;0;0;0;0;0;0;0;0;0;0;0;0;0;0;0;0;0;0;129;0;0;0;0;0
8a_nop_100x100;0;100;26;0;0;0;0;0;0;100;0;0;0;0;1;0;0;0;0;1;26;0;0;0;0;0;0;0;10011;0;0;0;0;0;0;0;0;0;0;0;0;0;0;0;0;0;0;0;0;0;0;0;0;0;129;0;0;0;0;0
8a_or_100x100;0;100;26;0;0;0;0;0;0;100;0;0;0;0;1;0;0;0;0;1;26;0;0;0;0;0;0;0;11;10000;0;0;0;0;0;0;0;0;0;0;0;0;0;0;0;0;0;0;0;0;0;0;0;0;129;0;0;0;0;0
8a_ori_100x100;0;100;26;0;0;0;0;0;0;100;0;0;0;0;1;0;0;0;0;1;26;0;0;0;0;0;0;0;11;0;10000;0;0;0;0;0;0;0;0;0;0;0;0;0;0;0;0;0;0;0;0;0;0;0;129;0;0;0;0;0
8a_rem_100x100;0;100;26;0;0;0;0;0;0;100;0;0;0;0;1;0;0;0;0;1;26;0;0;0;0;0;0;0;11;0;0;10000;0;0;0;0;0;0;0;0;0;0;0;0;0;0;0;0;0;0;0;0;0;0;67054;0;0;0;0;0
8a_remu_100x100;0;100;26;0;0;0;0;0;0;100;0;0;0;0;1;0;0;0;0;1;26;0;0;0;0;0;0;0;11;0;0;0;10000;0;0;0;0;0;0;0;0;0;0;0;0;0;0;0;0;0;0;0;0;0;65679;0;0;0;0;0
8a_remuw_100x100;0;100;26;0;0;0;0;0;0;100;0;0;0;0;1;0;0;0;0;1;26;0;0;0;0;0;0;0;11;0;0;0;0;10000;0;0;0;0;0;0;0;0;0;0;0;0;0;0;0;0;0;0;0;0;67159;0;0;0;0;0
8a_remw_100x100;0;100;26;0;0;0;0;0;0;100;0;0;0;0;1;0;0;0;0;1;26;0;0;0;0;0;0;0;11;0;0;0;0;0;10000;0;0;0;0;0;0;0;0;0;0;0;0;0;0;0;0;0;0;0;65143;0;0;0;0;0
8a_sb_100x100;0;100;21;0;0;0;0;0;0;100;0;0;0;0;1;0;0;0;0;6;21;0;0;0;0;0;0;0;16;0;0;0;0;0;0;10000;0;0;0;0;0;0;0;0;0;0;0;0;0;0;0;0;0;0;59493;0;0;0;0;0
8a_sh_100x100;0;100;20;0;0;0;0;0;0;100;0;0;0;0;1;0;0;0;0;7;20;0;0;0;0;0;0;0;17;0;0;0;0;0;0;0;0;10000;0;0;0;0;0;0;0;0;0;0;0;0;0;0;0;0;59493;0;0;0;0;0
8a_sll_100x100;0;100;26;0;0;0;0;0;0;100;0;0;0;0;1;0;0;0;0;1;26;0;0;0;0;0;0;0;11;0;0;0;0;0;0;0;0;0;10000;0;0;0;0;0;0;0;0;0;0;0;0;0;0;0;129;0;0;0;0;0
8a_slli_100x100;0;100;26;0;0;0;0;0;0;100;0;0;0;0;1;0;0;0;0;1;26;0;0;0;0;0;0;0;11;0;0;0;0;0;0;0;0;0;0;10000;0;0;0;0;0;0;0;0;0;0;0;0;0;0;129;0;0;0;0;0
8a_slliw_100x100;0;100;26;0;0;0;0;0;0;100;0;0;0;0;1;0;0;0;0;1;26;0;0;0;0;0;0;0;11;0;0;0;0;0;0;0;0;0;0;0;10000;0;0;0;0;0;0;0;0;0;0;0;0;0;129;0;0;0;0;0
8a_sllw_100x100;0;100;26;0;0;0;0;0;0;100;0;0;0;0;1;0;0;0;0;1;26;0;0;0;0;0;0;0;11;0;0;0;0;0;0;0;0;0;0;0;0;10000;0;0;0;0;0;0;0;0;0;0;0;0;129;0;0;0;0;0
8a_slt_100x100;0;100;26;0;0;0;0;0;0;100;0;0;0;0;1;0;0;0;0;1;26;0;0;0;0;0;0;0;11;0;0;0;0;0;0;0;0;0;0;0;0;0;10000;0;0;0;0;0;0;0;0;0;0;0;129;0;0;0;0;0
8a_slti_100x100;0;100;26;0;0;0;0;0;0;100;0;0;0;0;1;0;0;0;0;1;26;0;0;0;0;0;0;0;11;0;0;0;0;0;0;0;0;0;0;0;0;0;0;10000;0;0;0;0;0;0;0;0;0;0;129;0;0;0;0;0
8a_sltiu_100x100;0;100;26;0;0;0;0;0;0;100;0;0;0;0;1;0;0;0;0;1;26;0;0;0;0;0;0;0;11;0;0;0;0;0;0;0;0;0;0;0;0;0;0;0;10000;0;0;0;0;0;0;0;0;0;129;0;0;0;0;0
8a_sltu_100x100;0;100;26;0;0;0;0;0;0;100;0;0;0;0;1;0;0;0;0;1;26;0;0;0;0;0;0;0;11;0;0;0;0;0;0;0;0;0;0;0;0;0;0;0;0;10000;0;0;0;0;0;0;0;0;129;0;0;0;0;0
8a_sra_100x100;0;100;26;0;0;0;0;0;0;100;0;0;0;0;1;0;0;0;0;1;26;0;0;0;0;0;0;0;11;0;0;0;0;0;0;0;0;0;0;0;0;0;0;0;0;0;10000;0;0;0;0;0;0;0;129;0;0;0;0;0
8a_srai_100x100;0;100;26;0;0;0;0;0;0;100;0;0;0;0;1;0;0;0;0;1;26;0;0;0;0;0;0;0;11;0;0;0;0;0;0;0;0;0;0;0;0;0;0;0;0;0;0;10000;0;0;0;0;0;0;129;0;0;0;0;0
8a_sraiw_100x100;0;100;26;0;0;0;0;0;0;100;0;0;0;0;1;0;0;0;0;1;26;0;0;0;0;0;0;0;11;0;0;0;0;0;0;0;0;0;0;0;0;0;0;0;0;0;0;0;10000;0;0;0;0;0;129;0;0;0;0;0
8a_sraw_100x100;0;100;26;0;0;0;0;0;0;100;0;0;0;0;1;0;0;0;0;1;26;0;0;0;0;0;0;0;11;0;0;0;0;0;0;0;0;0;0;0;0;0;0;0;0;0;0;0;0;10000;0;0;0;0;129;0;0;0;0;0
8a_srl_100x100;0;100;26;0;0;0;0;0;0;100;0;0;0;0;1;0;0;0;0;1;26;0;0;0;0;0;0;0;11;0;0;0;0;0;0;0;0;0;0;0;0;0;0;0;0;0;0;0;0;0;10000;0;0;0;129;0;0;0;0;0
8a_srli_100x100;0;100;26;0;0;0;0;0;0;100;0;0;0;0;1;0;0;0;0;1;26;0;0;0;0;0;0;0;11;0;0;0;0;0;0;0;0;0;0;0;0;0;0;0;0;0;0;0;0;0;0;10000;0;0;129;0;0;0;0;0
8a_srliw_100x100;0;100;26;0;0;0;0;0;0;100;0;0;0;0;1;0;0;0;0;1;26;0;0;0;0;0;0;0;11;0;0;0;0;0;0;0;0;0;0;0;0;0;0;0;0;0;0;0;0;0;0;0;10000;0;129;0;0;0;0;0
8a_srlw_100x100;0;100;26;0;0;0;0;0;0;100;0;0;0;0;1;0;0;0;0;1;26;0;0;0;0;0;0;0;11;0;0;0;0;0;0;0;0;0;0;0;0;0;0;0;0;0;0;0;0;0;0;0;0;10000;129;0;0;0;0;0
8a_sub_100x100;0;100;26;0;0;0;0;0;0;100;0;0;0;0;1;0;0;0;0;1;26;0;0;0;0;0;0;0;11;0;0;0;0;0;0;0;0;0;0;0;0;0;0;0;0;0;0;0;0;0;0;0;0;0;129;10000;0;0;0;0
8a_subw_100x100;0;100;26;0;0;0;0;0;0;100;0;0;0;0;1;0;0;0;0;1;26;0;0;0;0;0;0;0;11;0;0;0;0;0;0;0;0;0;0;0;0;0;0;0;0;0;0;0;0;0;0;0;0;0;129;0;10000;0;0;0
8a_sw_100x100;0;100;20;0;0;0;0;0;0;100;0;0;0;0;1;0;0;0;0;7;20;0;0;0;0;0;0;0;17;0;0;0;0;0;0;0;0;0;0;0;0;0;0;0;0;0;0;0;0;0;0;0;0;0;59493;0;0;10000;0;0
8a_xor_100x100;0;100;26;0;0;0;0;0;0;100;0;0;0;0;1;0;0;0;0;1;26;0;0;0;0;0;0;0;11;0;0;0;0;0;0;0;0;0;0;0;0;0;0;0;0;0;0;0;0;0;0;0;0;0;129;0;0;0;10000;0
8a_xori_100x100;0;100;26;0;0;0;0;0;0;100;0;0;0;0;1;0;0;0;0;1;26;0;0;0;0;0;0;0;11;0;0;0;0;0;0;0;0;0;0;0;0;0;0;0;0;0;0;0;0;0;0;0;0;0;129;0;0;0;0;10000
8b_add_100x100;10000;100;25;0;0;0;0;0;0;100;0;0;0;0;1;0;0;0;0;1;26;0;0;0;0;0;0;0;12;0;0;0;0;0;0;0;0;0;0;0;0;0;0;0;0;0;0;0;0;0;0;0;0;0;129;0;0;0;0;0
8b_addi_100x100;0;10100;26;0;0;0;0;0;0;100;0;0;0;0;1;0;0;0;0;1;26;0;0;0;0;0;0;0;11;0;0;0;0;0;0;0;0;0;0;0;0;0;0;0;0;0;0;0;0;0;0;0;0;0;129;0;0;0;0;0
8b_addiw_100x100;0;100;10026;0;0;0;0;0;0;100;0;0;0;0;1;0;0;0;0;1;26;0;0;0;0;0;0;0;11;0;0;0;0;0;0;0;0;0;0;0;0;0;0;0;0;0;0;0;0;0;0;0;0;0;129;0;0;0;0;0
8b_addw_100x100;0;100;26;10000;0;0;0;0;0;100;0;0;0;0;1;0;0;0;0;1;26;0;0;0;0;0;0;0;11;0;0;0;0;0;0;0;0;0;0;0;0;0;0;0;0;0;0;0;0;0;0;0;0;0;129;0;0;0;0;0
8b_and_100x100;0;100;26;0;10000;0;0;0;0;100;0;0;0;0;1;0;0;0;0;1;26;0;0;0;0;0;0;0;11;0;0;0;0;0;0;0;0;0;0;0;0;0;0;0;0;0;0;0;0;0;0;0;0;0;129;0;0;0;0;0
8b_andi_100x100;0;100;26;0;0;10000;0;0;0;100;0;0;0;0;1;0;0;0;0;1;26;0;0;0;0;0;0;0;11;0;0;0;0;0;0;0;0;0;0;0;0;0;0;0;0;0;0;0;0;0;0;0;0;0;129;0;0;0;0;0
8b_auipc_100x100;0;100;26;0;0;0;10000;0;0;100;0;0;0;0;1;0;0;0;0;1;26;0;0;0;0;0;0;0;11;0;0;0;0;0;0;0;0;0;0;0;0;0;0;0;0;0;0;0;0;0;0;0;0;0;129;0;0;0;0;0
8b_div_100x100;0;100;26;0;0;0;0;0;0;100;10000;0;0;0;1;0;0;0;0;1;26;0;0;0;0;0;0;0;11;0;0;0;0;0;0;0;0;0;0;0;0;0;0;0;0;0;0;0;0;0;0;0;0;0;62769;0;0;0;0;0
8b_divu_100x100;0;100;26;0;0;0;0;0;0;100;0;10000;0;0;1;0;0;0;0;1;26;0;0;0;0;0;0;0;11;0;0;0;0;0;0;0;0;0;0;0;0;0;0;0;0;0;0;0;0;0;0;0;0;0;70064;0;0;0;0;0
8b_divuw_100x100;0;100;26;0;0;0;0;0;0;100;0;0;10000;0;1;0;0;0;0;1;26;0;0;0;0;0;0;0;11;0;0;0;0;0;0;0;0;0;0;0;0;0;0;0;0;0;0;0;0;0;0;0;0;0;64670;0;0;0;0;0
8b_divw_100x100;0;100;26;0;0;0;0;0;0;100;0;0;0;10000;1;0;0;0;0;1;26;0;0;0;0;0;0;0;11;0;0;0;0;0;0;0;0;0;0;0;0;0;0;0;0;0;0;0;0;0;0;0;0;0;63356;0;0;0;0;0
8b_lb_100x100;0;0;26;0;0;0;0;0;0;0;0;0;0;0;0;1;0;0;0;1;26;0;0;0;0;0;0;0;11;0;0;0;0;0;0;0;0;0;0;0;0;0;0;0;0;0;0;0;0;0;0;0;0;0;249898;0;0;0;0;0
8b_lbu_100x100;0;0;26;0;0;0;0;0;0;0;0;0;0;0;0;0;1;0;0;1;26;0;0;0;0;0;0;0;11;0;0;0;0;0;0;0;0;0;0;0;0;0;0;0;0;0;0;0;0;0;0;0;0;0;249898;0;0;0;0;0
8b_lh_100x100;0;0;26;0;0;0;0;0;0;0;0;0;0;0;0;0;0;1;0;1;26;0;0;0;0;0;0;0;11;0;0;0;0;0;0;0;0;0;0;0;0;0;0;0;0;0;0;0;0;0;0;0;0;0;249898;0;0;0;0;0
8b_lhu_100x100;0;0;26;0;0;0;0;0;0;0;0;0;0;0;0;0;0;0;1;1;26;0;0;0;0;0;0;0;11;0;0;0;0;0;0;0;0;0;0;0;0;0;0;0;0;0;0;0;0;0;0;0;0;0;249898;0;0;0;0;0
8b_lui_100x100;0;100;26;0;0;0;0;0;0;100;0;0;0;0;1;0;0;0;0;1;10026;0;0;0;0;0;0;0;11;0;0;0;0;0;0;0;0;0;0;0;0;0;0;0;0;0;0;0;0;0;0;0;0;0;129;0;0;0;0;0
8b_lw_100x100;0;0;26;0;0;0;0;0;0;0;0;0;0;0;0;0;0;0;0;1;26;1;0;0;0;0;0;0;11;0;0;0;0;0;0;0;0;0;0;0;0;0;0;0;0;0;0;0;0;0;0;0;0;0;249898;0;0;0;0;0
8b_mul_100x100;0;100;26;0;0;0;0;0;0;100;0;0;0;0;1;0;0;0;0;1;26;0;10000;0;0;0;0;0;11;0;0;0;0;0;0;0;0;0;0;0;0;0;0;0;0;0;0;0;0;0;0;0;0;0;56864;0;0;0;0;0
8b_mulh_100x100;0;100;26;0;0;0;0;0;0;100;0;0;0;0;1;0;0;0;0;1;26;0;0;10000;0;0;0;0;11;0;0;0;0;0;0;0;0;0;0;0;0;0;0;0;0;0;0;0;0;0;0;0;0;0;108251;0;0;0;0;0
8b_mulhsu_100x100;0;100;26;0;0;0;0;0;0;100;0;0;0;0;1;0;0;0;0;1;26;0;0;0;10000;0;0;0;11;0;0;0;0;0;0;0;0;0;0;0;0;0;0;0;0;0;0;0;0;0;0;0;0;0;108640;0;0;0;0;0
8b_mulhu_100x100;0;100;26;0;0;0;0;0;0;100;0;0;0;0;1;0;0;0;0;1;26;0;0;0;0;10000;0;0;11;0;0;0;0;0;0;0;0;0;0;0;0;0;0;0;0;0;0;0;0;0;0;0;0;0;109237;0;0;0;0;0
8b_mulw_100x100;0;100;26;0;0;0;0;0;0;100;0;0;0;0;1;0;0;0;0;1;26;0;0;0;0;0;10000;0;11;0;0;0;0;0;0;0;0;0;0;0;0;0;0;0;0;0;0;0;0;0;0;0;0;0;57456;0;0;0;0;0
8b_mv_100x100;0;100;26;0;0;0;0;0;0;100;0;0;0;0;1;0;0;0;0;1;26;0;0;0;0;0;0;10000;11;0;0;0;0;0;0;0;0;0;0;0;0;0;0;0;0;0;0;0;0;0;0;0;0;0;129;0;0;0;0;0
8b_nop_100x100;0;100;26;0;0;0;0;0;0;100;0;0;0;0;1;0;0;0;0;1;26;0;0;0;0;0;0;0;10011;0;0;0;0;0;0;0;0;0;0;0;0;0;0;0;0;0;0;0;0;0;0;0;0;0;129;0;0;0;0;0
8b_or_100x100;0;100;26;0;0;0;0;0;0;100;0;0;0;0;1;0;0;0;0;1;26;0;0;0;0;0;0;0;11;10000;0;0;0;0;0;0;0;0;0;0;0;0;0;0;0;0;0;0;0;0;0;0;0;0;129;0;0;0;0;0
8b_ori_100x100;0;100;26;0;0;0;0;0;0;100;0;0;0;0;1;0;0;0;0;1;26;0;0;0;0;0;0;0;11;0;10000;0;0;0;0;0;0;0;0;0;0;0;0;0;0;0;0;0;0;0;0;0;0;0;129;0;0;0;0;0
8b_rem_100x100;0;100;26;0;0;0;0;0;0;100;0;0;0;0;1;0;0;0;0;1;26;0;0;0;0;0;0;0;11;0;0;10000;0;0;0;0;0;0;0;0;0;0;0;0;0;0;0;0;0;0;0;0;0;0;65066;0;0;0;0;0
8b_remu_100x100;0;100;26;0;0;0;0;0;0;100;0;0;0;0;1;0;0;0;0;1;26;0;0;0;0;0;0;0;11;0;0;0;10000;0;0;0;0;0;0;0;0;0;0;0;0;0;0;0;0;0;0;0;0;0;69157;0;0;0;0;0
8b_remuw_100x100;0;100;26;0;0;0;0;0;0;100;0;0;0;0;1;0;0;0;0;1;26;0;0;0;0;0;0;0;11;0;0;0;0;10000;0;0;0;0;0;0;0;0;0;0;0;0;0;0;0;0;0;0;0;0;71678;0;0;0;0;0
8b_remw_100x100;0;100;26;0;0;0;0;0;0;100;0;0;0;0;1;0;0;0;0;1;26;0;0;0;0;0;0;0;11;0;0;0;0;0;10000;0;0;0;0;0;0;0;0;0;0;0;0;0;0;0;0;0;0;0;67763;0;0;0;0;0
8b_sb_100x100;0;100;24;0;0;0;0;0;0;100;0;0;0;0;1;0;0;0;0;3;24;0;0;0;0;0;0;0;13;0;0;0;0;0;0;10000;0;0;0;0;0;0;0;0;0;0;0;0;0;0;0;0;0;0;59493;0;0;0;0;0
8b_sh_100x100;0;100;18;0;0;0;0;0;0;100;0;0;0;0;1;0;0;0;0;9;18;0;0;0;0;0;0;0;19;0;0;0;0;0;0;0;0;10000;0;0;0;0;0;0;0;0;0;0;0;0;0;0;0;0;59493;0;0;0;0;0
8b_sll_100x100;0;100;26;0;0;0;0;0;0;100;0;0;0;0;1;0;0;0;0;1;26;0;0;0;0;0;0;0;11;0;0;0;0;0;0;0;0;0;10000;0;0;0;0;0;0;0;0;0;0;0;0;0;0;0;129;0;0;0;0;0
8b_slli_100x100;0;100;26;0;0;0;0;0;0;100;0;0;0;0;1;0;0;0;0;1;26;0;0;0;0;0;0;0;11;0;0;0;0;0;0;0;0;0;0;10000;0;0;0;0;0;0;0;0;0;0;0;0;0;0;129;0;0;0;0;0
8b_slliw_100x100;0;100;26;0;0;0;0;0;0;100;0;0;0;0;1;0;0;0;0;1;26;0;0;0;0;0;0;0;11;0;0;0;0;0;0;0;0;0;0;0;10000;0;0;0;0;0;0;0;0;0;0;0;0;0;129;0;0;0;0;0
8b_sllw_100x100;0;100;26;0;0;0;0;0;0;100;0;0;0;0;1;0;0;0;0;1;26;0;0;0;0;0;0;0;11;0;0;0;0;0;0;0;0;0;0;0;0;10000;0;0;0;0;0;0;0;0;0;0;0;0;129;0;0;0;0;0
8b_slt_100x100;0;100;26;0;0;0;0;0;0;100;0;0;0;0;1;0;0;0;0;1;26;0;0;0;0;0;0;0;11;0;0;0;0;0;0;0;0;0;0;0;0;0;10000;0;0;0;0;0;0;0;0;0;0;0;129;0;0;0;0;0
8b_slti_100x100;0;100;26;0;0;0;0;0;0;100;0;0;0;0;1;0;0;0;0;1;26;0;0;0;0;0;0;0;11;0;0;0;0;0;0;0;0;0;0;0;0;0;0;10000;0;0;0;0;0;0;0;0;0;0;129;0;0;0;0;0
8b_sltiu_100x100;0;100;26;0;0;0;0;0;0;100;0;0;0;0;1;0;0;0;0;1;26;0;0;0;0;0;0;0;11;0;0;0;0;0;0;0;0;0;0;0;0;0;0;0;10000;0;0;0;0;0;0;0;0;0;129;0;0;0;0;0
8b_sltu_100x100;0;100;26;0;0;0;0;0;0;100;0;0;0;0;1;0;0;0;0;1;26;0;0;0;0;0;0;0;11;0;0;0;0;0;0;0;0;0;0;0;0;0;0;0;0;10000;0;0;0;0;0;0;0;0;129;0;0;0;0;0
8b_sra_100x100;0;100;26;0;0;0;0;0;0;100;0;0;0;0;1;0;0;0;0;1;26;0;0;0;0;0;0;0;11;0;0;0;0;0;0;0;0;0;0;0;0;0;0;0;0;0;10000;0;0;0;0;0;0;0;129;0;0;0;0;0
8b_srai_100x100;0;100;26;0;0;0;0;0;0;100;0;0;0;0;1;0;0;0;0;1;26;0;0;0;0;0;0;0;11;0;0;0;0;0;0;0;0;0;0;0;0;0;0;0;0;0;0;10000;0;0;0;0;0;0;129;0;0;0;0;0
8b_sraiw_100x100;0;100;26;0;0;0;0;0;0;100;0;0;0;0;1;0;0;0;0;1;26;0;0;0;0;0;0;0;11;0;0;0;0;0;0;0;0;0;0;0;0;0;0;0;0;0;0;0;10000;0;0;0;0;0;129;0;0;0;0;0
8b_sraw_100x100;0;100;26;0;0;0;0;0;0;100;0;0;0;0;1;0;0;0;0;1;26;0;0;0;0;0;0;0;11;0;0;0;0;0;0;0;0;0;0;0;0;0;0;0;0;0;0;0;0;10000;0;0;0;0;129;0;0;0;0;0
8b_srl_100x100;0;100;26;0;0;0;0;0;0;100;0;0;0;0;1;0;0;0;0;1;26;0;0;0;0;0;0;0;11;0;0;0;0;0;0;0;0;0;0;0;0;0;0;0;0;0;0;0;0;0;10000;0;0;0;129;0;0;0;0;0
8b_srli_100x100;0;100;26;0;0;0;0;0;0;100;0;0;0;0;1;0;0;0;0;1;26;0;0;0;0;0;0;0;11;0;0;0;0;0;0;0;0;0;0;0;0;0;0;0;0;0;0;0;0;0;0;10000;0;0;129;0;0;0;0;0
8b_srliw_100x100;0;100;26;0;0;0;0;0;0;100;0;0;0;0;1;0;0;0;0;1;26;0;0;0;0;0;0;0;11;0;0;0;0;0;0;0;0;0;0;0;0;0;0;0;0;0;0;0;0;0;0;0;10000;0;129;0;0;0;0;0
8b_srlw_100x100;0;100;26;0;0;0;0;0;0;100;0;0;0;0;1;0;0;0;0;1;26;0;0;0;0;0;0;0;11;0;0;0;0;0;0;0;0;0;0;0;0;0;0;0;0;0;0;0;0;0;0;0;0;10000;129;0;0;0;0;0
8b_sub_100x100;0;100;26;0;0;0;0;0;0;100;0;0;0;0;1;0;0;0;0;1;26;0;0;0;0;0;0;0;11;0;0;0;0;0;0;0;0;0;0;0;0;0;0;0;0;0;0;0;0;0;0;0;0;0;129;10000;0;0;0;0
8b_subw_100x100;0;100;26;0;0;0;0;0;0;100;0;0;0;0;1;0;0;0;0;1;26;0;0;0;0;0;0;0;11;0;0;0;0;0;0;0;0;0;0;0;0;0;0;0;0;0;0;0;0;0;0;0;0;0;129;0;10000;0;0;0
8b_sw_100x100;0;100;21;0;0;0;0;0;0;100;0;0;0;0;1;0;0;0;0;6;21;0;0;0;0;0;0;0;16;0;0;0;0;0;0;0;0;0;0;0;0;0;0;0;0;0;0;0;0;0;0;0;0;0;59493;0;0;10000;0;0
8b_xor_100x100;0;100;26;0;0;0;0;0;0;100;0;0;0;0;1;0;0;0;0;1;26;0;0;0;0;0;0;0;11;0;0;0;0;0;0;0;0;0;0;0;0;0;0;0;0;0;0;0;0;0;0;0;0;0;129;0;0;0;10000;0
8b_xori_100x100;0;100;26;0;0;0;0;0;0;100;0;0;0;0;1;0;0;0;0;1;26;0;0;0;0;0;0;0;11;0;0;0;0;0;0;0;0;0;0;0;0;0;0;0;0;0;0;0;0;0;0;0;0;0;129;0;0;0;0;10000
8c_add_100x100;10000;100;26;0;0;0;0;0;0;100;0;0;0;0;1;0;0;0;0;1;26;0;0;0;0;0;0;0;11;0;0;0;0;0;0;0;0;0;0;0;0;0;0;0;0;0;0;0;0;0;0;0;0;0;129;0;0;0;0;0
8c_addi_100x100;0;10100;26;0;0;0;0;0;0;100;0;0;0;0;1;0;0;0;0;1;26;0;0;0;0;0;0;0;11;0;0;0;0;0;0;0;0;0;0;0;0;0;0;0;0;0;0;0;0;0;0;0;0;0;129;0;0;0;0;0
8c_addiw_100x100;0;100;10026;0;0;0;0;0;0;100;0;0;0;0;1;0;0;0;0;1;26;0;0;0;0;0;0;0;11;0;0;0;0;0;0;0;0;0;0;0;0;0;0;0;0;0;0;0;0;0;0;0;0;0;129;0;0;0;0;0
8c_addw_100x100;0;100;26;10000;0;0;0;0;0;100;0;0;0;0;1;0;0;0;0;1;26;0;0;0;0;0;0;0;11;0;0;0;0;0;0;0;0;0;0;0;0;0;0;0;0;0;0;0;0;0;0;0;0;0;129;0;0;0;0;0
8c_and_100x100;0;100;26;0;10000;0;0;0;0;100;0;0;0;0;1;0;0;0;0;1;26;0;0;0;0;0;0;0;11;0;0;0;0;0;0;0;0;0;0;0;0;0;0;0;0;0;0;0;0;0;0;0;0;0;129;0;0;0;0;0
8c_andi_100x100;0;100;26;0;0;10000;0;0;0;100;0;0;0;0;1;0;0;0;0;1;26;0;0;0;0;0;0;0;11;0;0;0;0;0;0;0;0;0;0;0;0;0;0;0;0;0;0;0;0;0;0;0;0;0;129;0;0;0;0;0
8c_auipc_100x100;0;100;26;0;0;0;10000;0;0;100;0;0;0;0;1;0;0;0;0;1;26;0;0;0;0;0;0;0;11;0;0;0;0;0;0;0;0;0;0;0;0;0;0;0;0;0;0;0;0;0;0;0;0;0;129;0;0;0;0;0
8c_div_100x100;0;100;26;0;0;0;0;0;0;100;10000;0;0;0;1;0;0;0;0;1;26;0;0;0;0;0;0;0;11;0;0;0;0;0;0;0;0;0;0;0;0;0;0;0;0;0;0;0;0;0;0;0;0;0;61870;0;0;0;0;0
8c_divu_100x100;0;100;26;0;0;0;0;0;0;100;0;10000;0;0;1;0;0;0;0;1;26;0;0;0;0;0;0;0;11;0;0;0;0;0;0;0;0;0;0;0;0;0;0;0;0;0;0;0;0;0;0;0;0;0;64076;0;0;0;0;0
8c_divuw_100x100;0;100;26;0;0;0;0;0;0;100;0;0;10000;0;1;0;0;0;0;1;26;0;0;0;0;0;0;0;11;0;0;0;0;0;0;0;0;0;0;0;0;0;0;0;0;0;0;0;0;0;0;0;0;0;60860;0;0;0;0;0
8c_divw_100x100;0;100;26;0;0;0;0;0;0;100;0;0;0;10000;1;0;0;0;0;1;26;0;0;0;0;0;0;0;11;0;0;0;0;0;0;0;0;0;0;0;0;0;0;0;0;0;0;0;0;0;0;0;0;0;58060;0;0;0;0;0
8c_lb_100x100;0;0;26;0;0;0;0;0;0;0;0;0;0;0;0;1;0;0;0;1;26;0;0;0;0;0;0;0;11;0;0;0;0;0;0;0;0;0;0;0;0;0;0;0;0;0;0;0;0;0;0;0;0;0;249898;0;0;0;0;0
8c_lbu_100x100;0;0;26;0;0;0;0;0;0;0;0;0;0;0;0;0;1;0;0;1;26;0;0;0;0;0;0;0;11;0;0;0;0;0;0;0;0;0;0;0;0;0;0;0;0;0;0;0;0;0;0;0;0;0;249898;0;0;0;0;0
8c_lh_100x100;0;0;26;0;0;0;0;0;0;0;0;0;0;0;0;0;0;1;0;1;26;0;0;0;0;0;0;0;11;0;0;0;0;0;0;0;0;0;0;0;0;0;0;0;0;0;0;0;0;0;0;0;0;0;249898;0;0;0;0;0
8c_lhu_100x100;0;0;26;0;0;0;0;0;0;0;0;0;0;0;0;0;0;0;1;1;26;0;0;0;0;0;0;0;11;0;0;0;0;0;0;0;0;0;0;0;0;0;0;0;0;0;0;0;0;0;0;0;0;0;249898;0;0;0;0;0
8c_lui_100x100;0;100;26;0;0;0;0;0;0;100;0;0;0;0;1;0;0;0;0;1;10026;0;0;0;0;0;0;0;11;0;0;0;0;0;0;0;0;0;0;0;0;0;0;0;0;0;0;0;0;0;0;0;0;0;129;0;0;0;0;0
8c_lw_100x100;0;0;26;0;0;0;0;0;0;0;0;0;0;0;0;0;0;0;0;1;26;1;0;0;0;0;0;0;11;0;0;0;0;0;0;0;0;0;0;0;0;0;0;0;0;0;0;0;0;0;0;0;0;0;249898;0;0;0;0;0
8c_mul_100x100;0;100;26;0;0;0;0;0;0;100;0;0;0;0;1;0;0;0;0;1;26;0;10000;0;0;0;0;0;11;0;0;0;0;0;0;0;0;0;0;0;0;0;0;0;0;0;0;0;0;0;0;0;0;0;58264;0;0;0;0;0
8c_mulh_100x100;0;100;26;0;0;0;0;0;0;100;0;0;0;0;1;0;0;0;0;1;26;0;0;10000;0;0;0;0;11;0;0;0;0;0;0;0;0;0;0;0;0;0;0;0;0;0;0;0;0;0;0;0;0;0;109438;0;0;0;0;0
8c_mulhsu_100x100;0;100;26;0;0;0;0;0;0;100;0;0;0;0;1;0;0;0;0;1;26;0;0;0;10000;0;0;0;11;0;0;0;0;0;0;0;0;0;0;0;0;0;0;0;0;0;0;0;0;0;0;0;0;0;109840;0;0;0;0;0
8c_mulhu_100x100;0;100;26;0;0;0;0;0;0;100;0;0;0;0;1;0;0;0;0;1;26;0;0;0;0;10000;0;0;11;0;0;0;0;0;0;0;0;0;0;0;0;0;0;0;0;0;0;0;0;0;0;0;0;0;109626;0;0;0;0;0
8c_mulw_100x100;0;100;26;0;0;0;0;0;0;100;0;0;0;0;1;0;0;0;0;1;26;0;0;0;0;0;10000;0;11;0;0;0;0;0;0;0;0;0;0;0;0;0;0;0;0;0;0;0;0;0;0;0;0;0;57464;0;0;0;0;0
8c_mv_100x100;0;100;26;0;0;0;0;0;0;100;0;0;0;0;1;0;0;0;0;1;26;0;0;0;0;0;0;10000;11;0;0;0;0;0;0;0;0;0;0;0;0;0;0;0;0;0;0;0;0;0;0;0;0;0;129;0;0;0;0;0
8c_nop_100x100;0;100;26;0;0;0;0;0;0;100;0;0;0;0;1;0;0;0;0;1;26;0;0;0;0;0;0;0;10011;0;0;0;0;0;0;0;0;0;0;0;0;0;0;0;0;0;0;0;0;0;0;0;0;0;129;0;0;0;0;0
8c_or_100x100;0;100;26;0;0;0;0;0;0;100;0;0;0;0;1;0;0;0;0;1;26;0;0;0;0;0;0;0;11;10000;0;0;0;0;0;0;0;0;0;0;0;0;0;0;0;0;0;0;0;0;0;0;0;0;129;0;0;0;0;0
8c_ori_100x100;0;100;25;0;0;0;0;0;0;100;0;0;0;0;1;0;0;0;0;1;26;0;0;0;0;0;0;0;12;0;10000;0;0;0;0;0;0;0;0;0;0;0;0;0;0;0;0;0;0;0;0;0;0;0;129;0;0;0;0;0
8c_rem_100x100;0;100;26;0;0;0;0;0;0;100;0;0;0;0;1;0;0;0;0;1;26;0;0;0;0;0;0;0;11;0;0;10000;0;0;0;0;0;0;0;0;0;0;0;0;0;0;0;0;0;0;0;0;0;0;65462;0;0;0;0;0
8c_remu_100x100;0;100;26;0;0;0;0;0;0;100;0;0;0;0;1;0;0;0;0;1;26;0;0;0;0;0;0;0;11;0;0;0;10000;0;0;0;0;0;0;0;0;0;0;0;0;0;0;0;0;0;0;0;0;0;72256;0;0;0;0;0
8c_remuw_100x100;0;100;26;0;0;0;0;0;0;100;0;0;0;0;1;0;0;0;0;1;26;0;0;0;0;0;0;0;11;0;0;0;0;10000;0;0;0;0;0;0;0;0;0;0;0;0;0;0;0;0;0;0;0;0;67556;0;0;0;0;0
8c_remw_100x100;0;100;26;0;0;0;0;0;0;100;0;0;0;0;1;0;0;0;0;1;26;0;0;0;0;0;0;0;11;0;0;0;0;0;10000;0;0;0;0;0;0;0;0;0;0;0;0;0;0;0;0;0;0;0;65457;0;0;0;0;0
8c_sb_100x100;0;100;21;0;0;0;0;0;0;100;0;0;0;0;1;0;0;0;0;6;21;0;0;0;0;0;0;0;16;0;0;0;0;0;0;10000;0;0;0;0;0;0;0;0;0;0;0;0;0;0;0;0;0;0;59493;0;0;0;0;0
8c_sh_100x100;0;100;17;0;0;0;0;0;0;100;0;0;0;0;1;0;0;0;0;10;17;0;0;0;0;0;0;0;20;0;0;0;0;0;0;0;0;10000;0;0;0;0;0;0;0;0;0;0;0;0;0;0;0;0;59493;0;0;0;0;0
8c_sll_100x100;0;100;26;0;0;0;0;0;0;100;0;0;0;0;1;0;0;0;0;1;26;0;0;0;0;0;0;0;11;0;0;0;0;0;0;0;0;0;10000;0;0;0;0;0;0;0;0;0;0;0;0;0;0;0;129;0;0;0;0;0
8c_slli_100x100;0;100;26;0;0;0;0;0;0;100;0;0;0;0;1;0;0;0;0;1;26;0;0;0;0;0;0;0;11;0;0;0;0;0;0;0;0;0;0;10000;0;0;0;0;0;0;0;0;0;0;0;0;0;0;129;0;0;0;0;0
8c_slliw_100x100;0;100;26;0;0;0;0;0;0;100;0;0;0;0;1;0;0;0;0;1;26;0;0;0;0;0;0;0;11;0;0;0;0;0;0;0;0;0;0;0;10000;0;0;0;0;0;0;0;0;0;0;0;0;0;129;0;0;0;0;0
8c_sllw_100x100;0;100;26;0;0;0;0;0;0;100;0;0;0;0;1;0;0;0;0;1;26;0;0;0;0;0;0;0;11;0;0;0;0;0;0;0;0;0;0;0;0;10000;0;0;0;0;0;0;0;0;0;0;0;0;129;0;0;0;0;0
8c_slt_100x100;0;100;26;0;0;0;0;0;0;100;0;0;0;0;1;0;0;0;0;1;26;0;0;0;0;0;0;0;11;0;0;0;0;0;0;0;0;0;0;0;0;0;10000;0;0;0;0;0;0;0;0;0;0;0;129;0;0;0;0;0
8c_slti_100x100;0;100;26;0;0;0;0;0;0;100;0;0;0;0;1;0;0;0;0;1;26;0;0;0;0;0;0;0;11;0;0;0;0;0;0;0;0;0;0;0;0;0;0;10000;0;0;0;0;0;0;0;0;0;0;129;0;0;0;0;0
8c_sltiu_100x100;0;100;26;0;0;0;0;0;0;100;0;0;0;0;1;0;0;0;0;1;26;0;0;0;0;0;0;0;11;0;0;0;0;0;0;0;0;0;0;0;0;0;0;0;10000;0;0;0;0;0;0;0;0;0;129;0;0;0;0;0
8c_sltu_100x100;0;100;26;0;0;0;0;0;0;100;0;0;0;0;1;0;0;0;0;1;26;0;0;0;0;0;0;0;11;0;0;0;0;0;0;0;0;0;0;0;0;0;0;0;0;10000;0;0;0;0;0;0;0;0;129;0;0;0;0;0
8c_sra_100x100;0;100;26;0;0;0;0;0;0;100;0;0;0;0;1;0;0;0;0;1;26;0;0;0;0;0;0;0;11;0;0;0;0;0;0;0;0;0;0;0;0;0;0;0;0;0;10000;0;0;0;0;0;0;0;129;0;0;0;0;0
8c_srai_100x100;0;100;26;0;0;0;0;0;0;100;0;0;0;0;1;0;0;0;0;1;26;0;0;0;0;0;0;0;11;0;0;0;0;0;0;0;0;0;0;0;0;0;0;0;0;0;0;10000;0;0;0;0;0;0;129;0;0;0;0;0
8c_sraiw_100x100;0;100;26;0;0;0;0;0;0;100;0;0;0;0;1;0;0;0;0;1;26;0;0;0;0;0;0;0;11;0;0;0;0;0;0;0;0;0;0;0;0;0;0;0;0;0;0;0;10000;0;0;0;0;0;129;0;0;0;0;0
8c_sraw_100x100;0;100;26;0;0;0;0;0;0;100;0;0;0;0;1;0;0;0;0;1;26;0;0;0;0;0;0;0;11;0;0;0;0;0;0;0;0;0;0;0;0;0;0;0;0;0;0;0;0;10000;0;0;0;0;129;0;0;0;0;0
8c_srl_100x100;0;100;26;0;0;0;0;0;0;100;0;0;0;0;1;0;0;0;0;1;26;0;0;0;0;0;0;0;11;0;0;0;0;0;0;0;0;0;0;0;0;0;0;0;0;0;0;0;0;0;10000;0;0;0;129;0;0;0;0;0
8c_srli_100x100;0;100;26;0;0;0;0;0;0;100;0;0;0;0;1;0;0;0;0;1;26;0;0;0;0;0;0;0;11;0;0;0;0;0;0;0;0;0;0;0;0;0;0;0;0;0;0;0;0;0;0;10000;0;0;129;0;0;0;0;0
8c_srliw_100x100;0;100;26;0;0;0;0;0;0;100;0;0;0;0;1;0;0;0;0;1;26;0;0;0;0;0;0;0;11;0;0;0;0;0;0;0;0;0;0;0;0;0;0;0;0;0;0;0;0;0;0;0;10000;0;129;0;0;0;0;0
8c_srlw_100x100;0;100;25;0;0;0;0;0;0;100;0;0;0;0;1;0;0;0;0;1;26;0;0;0;0;0;0;0;12;0;0;0;0;0;0;0;0;0;0;0;0;0;0;0;0;0;0;0;0;0;0;0;0;10000;129;0;0;0;0;0
8c_sub_100x100;0;100;26;0;0;0;0;0;0;100;0;0;0;0;1;0;0;0;0;1;26;0;0;0;0;0;0;0;11;0;0;0;0;0;0;0;0;0;0;0;0;0;0;0;0;0;0;0;0;0;0;0;0;0;129;10000;0;0;0;0
8c_subw_100x100;0;100;26;0;0;0;0;0;0;100;0;0;0;0;1;0;0;0;0;1;26;0;0;0;0;0;0;0;11;0;0;0;0;0;0;0;0;0;0;0;0;0;0;0;0;0;0;0;0;0;0;0;0;0;129;0;10000;0;0;0
8c_sw_100x100;0;100;23;0;0;0;0;0;0;100;0;0;0;0;1;0;0;0;0;4;23;0;0;0;0;0;0;0;14;0;0;0;0;0;0;0;0;0;0;0;0;0;0;0;0;0;0;0;0;0;0;0;0;0;59493;0;0;10000;0;0
8c_xor_100x100;0;100;26;0;0;0;0;0;0;100;0;0;0;0;1;0;0;0;0;1;26;0;0;0;0;0;0;0;11;0;0;0;0;0;0;0;0;0;0;0;0;0;0;0;0;0;0;0;0;0;0;0;0;0;129;0;0;0;10000;0
8c_xori_100x100;0;100;26;0;0;0;0;0;0;100;0;0;0;0;1;0;0;0;0;1;26;0;0;0;0;0;0;0;11;0;0;0;0;0;0;0;0;0;0;0;0;0;0;0;0;0;0;0;0;0;0;0;0;0;129;0;0;0;0;10000
8d_add_100x100;10000;100;26;0;0;0;0;0;0;100;0;0;0;0;1;0;0;0;0;1;26;0;0;0;0;0;0;0;11;0;0;0;0;0;0;0;0;0;0;0;0;0;0;0;0;0;0;0;0;0;0;0;0;0;129;0;0;0;0;0
8d_addi_100x100;0;10100;26;0;0;0;0;0;0;100;0;0;0;0;1;0;0;0;0;1;26;0;0;0;0;0;0;0;11;0;0;0;0;0;0;0;0;0;0;0;0;0;0;0;0;0;0;0;0;0;0;0;0;0;129;0;0;0;0;0
8d_addiw_100x100;0;100;10026;0;0;0;0;0;0;100;0;0;0;0;1;0;0;0;0;1;26;0;0;0;0;0;0;0;11;0;0;0;0;0;0;0;0;0;0;0;0;0;0;0;0;0;0;0;0;0;0;0;0;0;129;0;0;0;0;0
8d_addw_100x100;0;100;26;10000;0;0;0;0;0;100;0;0;0;0;1;0;0;0;0;1;26;0;0;0;0;0;0;0;11;0;0;0;0;0;0;0;0;0;0;0;0;0;0;0;0;0;0;0;0;0;0;0;0;0;129;0;0;0;0;0
8d_and_100x100;0;100;26;0;10000;0;0;0;0;100;0;0;0;0;1;0;0;0;0;1;26;0;0;0;0;0;0;0;11;0;0;0;0;0;0;0;0;0;0;0;0;0;0;0;0;0;0;0;0;0;0;0;0;0;129;0;0;0;0;0
8d_andi_100x100;0;100;26;0;0;10000;0;0;0;100;0;0;0;0;1;0;0;0;0;1;26;0;0;0;0;0;0;0;11;0;0;0;0;0;0;0;0;0;0;0;0;0;0;0;0;0;0;0;0;0;0;0;0;0;129;0;0;0;0;0
8d_auipc_100x100;0;100;26;0;0;0;10000;0;0;100;0;0;0;0;1;0;0;0;0;1;26;0;0;0;0;0;0;0;11;0;0;0;0;0;0;0;0;0;0;0;0;0;0;0;0;0;0;0;0;0;0;0;0;0;129;0;0;0;0;0
8d_div_100x100;0;100;26;0;0;0;0;0;0;100;10000;0;0;0;1;0;0;0;0;1;26;0;0;0;0;0;0;0;11;0;0;0;0;0;0;0;0;0;0;0;0;0;0;0;0;0;0;0;0;0;0;0;0;0;61762;0;0;0;0;0
8d_divu_100x100;0;100;26;0;0;0;0;0;0;100;0;10000;0;0;1;0;0;0;0;1;26;0;0;0;0;0;0;0;11;0;0;0;0;0;0;0;0;0;0;0;0;0;0;0;0;0;0;0;0;0;0;0;0;0;58957;0;0;0;0;0
8d_divuw_100x100;0;100;26;0;0;0;0;0;0;100;0;0;10000;0;1;0;0;0;0;1;26;0;0;0;0;0;0;0;11;0;0;0;0;0;0;0;0;0;0;0;0;0;0;0;0;0;0;0;0;0;0;0;0;0;62259;0;0;0;0;0
8d_divw_100x100;0;100;26;0;0;0;0;0;0;100;0;0;0;10000;1;0;0;0;0;1;26;0;0;0;0;0;0;0;11;0;0;0;0;0;0;0;0;0;0;0;0;0;0;0;0;0;0;0;0;0;0;0;0;0;62659;0;0;0;0;0
8d_lb_100x100;0;0;26;0;0;0;0;0;0;0;0;0;0;0;0;1;0;0;0;1;26;0;0;0;0;0;0;0;11;0;0;0;0;0;0;0;0;0;0;0;0;0;0;0;0;0;0;0;0;0;0;0;0;0;249898;0;0;0;0;0
8d_lbu_100x100;0;0;26;0;0;0;0;0;0;0;0;0;0;0;0;0;1;0;0;1;26;0;0;0;0;0;0;0;11;0;0;0;0;0;0;0;0;0;0;0;0;0;0;0;0;0;0;0;0;0;0;0;0;0;249898;0;0;0;0;0
8d_lh_100x100;0;0;26;0;0;0;0;0;0;0;0;0;0;0;0;0;0;1;0;1;26;0;0;0;0;0;0;0;11;0;0;0;0;0;0;0;0;0;0;0;0;0;0;0;0;0;0;0;0;0;0;0;0;0;249898;0;0;0;0;0
8d_lhu_100x100;0;0;26;0;0;0;0;0;0;0;0;0;0;0;0;0;0;0;1;1;26;0;0;0;0;0;0;0;11;0;0;0;0;0;0;0;0;0;0;0;0;0;0;0;0;0;0;0;0;0;0;0;0;0;249898;0;0;0;0;0
8d_lui_100x100;0;100;26;0;0;0;0;0;0;100;0;0;0;0;1;0;0;0;0;1;10026;0;0;0;0;0;0;0;11;0;0;0;0;0;0;0;0;0;0;0;0;0;0;0;0;0;0;0;0;0;0;0;0;0;129;0;0;0;0;0
8d_lw_100x100;0;0;26;0;0;0;0;0;0;0;0;0;0;0;0;0;0;0;0;1;26;1;0;0;0;0;0;0;11;0;0;0;0;0;0;0;0;0;0;0;0;0;0;0;0;0;0;0;0;0;0;0;0;0;249898;0;0;0;0;0
8d_mul_100x100;0;100;26;0;0;0;0;0;0;100;0;0;0;0;1;0;0;0;0;1;26;0;10000;0;0;0;0;0;11;0;0;0;0;0;0;0;0;0;0;0;0;0;0;0;0;0;0;0;0;0;0;0;0;0;57568;0;0;0;0;0
8d_mulh_100x100;0;100;26;0;0;0;0;0;0;100;0;0;0;0;1;0;0;0;0;1;26;0;0;10000;0;0;0;0;11;0;0;0;0;0;0;0;0;0;0;0;0;0;0;0;0;0;0;0;0;0;0;0;0;0;111629;0;0;0;0;0
8d_mulhsu_100x100;0;100;26;0;0;0;0;0;0;100;0;0;0;0;1;0;0;0;0;1;26;0;0;0;10000;0;0;0;11;0;0;0;0;0;0;0;0;0;0;0;0;0;0;0;0;0;0;0;0;0;0;0;0;0;107641;0;0;0;0;0
8d_mulhu_100x100;0;100;26;0;0;0;0;0;0;100;0;0;0;0;1;0;0;0;0;1;26;0;0;0;0;10000;0;0;11;0;0;0;0;0;0;0;0;0;0;0;0;0;0;0;0;0;0;0;0;0;0;0;0;0;109038;0;0;0;0;0
8d_mulw_100x100;0;100;26;0;0;0;0;0;0;100;0;0;0;0;1;0;0;0;0;1;26;0;0;0;0;0;10000;0;11;0;0;0;0;0;0;0;0;0;0;0;0;0;0;0;0;0;0;0;0;0;0;0;0;0;58064;0;0;0;0;0
8d_mv_100x100;0;100;26;0;0;0;0;0;0;100;0;0;0;0;1;0;0;0;0;1;26;0;0;0;0;0;0;10000;11;0;0;0;0;0;0;0;0;0;0;0;0;0;0;0;0;0;0;0;0;0;0;0;0;0;129;0;0;0;0;0
8d_nop_100x100;0;100;26;0;0;0;0;0;0;100;0;0;0;0;1;0;0;0;0;1;26;0;0;0;0;0;0;0;10011;0;0;0;0;0;0;0;0;0;0;0;0;0;0;0;0;0;0;0;0;0;0;0;0;0;129;0;0;0;0;0
8d_or_100x100;0;100;26;0;0;0;0;0;0;100;0;0;0;0;1;0;0;0;0;1;26;0;0;0;0;0;0;0;11;10000;0;0;0;0;0;0;0;0;0;0;0;0;0;0;0;0;0;0;0;0;0;0;0;0;129;0;0;0;0;0
8d_ori_100x100;0;100;26;0;0;0;0;0;0;100;0;0;0;0;1;0;0;0;0;1;26;0;0;0;0;0;0;0;11;0;10000;0;0;0;0;0;0;0;0;0;0;0;0;0;0;0;0;0;0;0;0;0;0;0;129;0;0;0;0;0
8d_rem_100x100;0;100;26;0;0;0;0;0;0;100;0;0;0;0;1;0;0;0;0;1;26;0;0;0;0;0;0;0;11;0;0;10000;0;0;0;0;0;0;0;0;0;0;0;0;0;0;0;0;0;0;0;0;0;0;69248;0;0;0;0;0
8d_remu_100x100;0;100;26;0;0;0;0;0;0;100;0;0;0;0;1;0;0;0;0;1;26;0;0;0;0;0;0;0;11;0;0;0;10000;0;0;0;0;0;0;0;0;0;0;0;0;0;0;0;0;0;0;0;0;0;66845;0;0;0;0;0
8d_remuw_100x100;0;100;26;0;0;0;0;0;0;100;0;0;0;0;1;0;0;0;0;1;26;0;0;0;0;0;0;0;11;0;0;0;0;10000;0;0;0;0;0;0;0;0;0;0;0;0;0;0;0;0;0;0;0;0;70886;0;0;0;0;0
8d_remw_100x100;0;100;26;0;0;0;0;0;0;100;0;0;0;0;1;0;0;0;0;1;26;0;0;0;0;0;0;0;11;0;0;0;0;0;10000;0;0;0;0;0;0;0;0;0;0;0;0;0;0;0;0;0;0;0;62666;0;0;0;0;0
8d_sb_100x100;0;100;21;0;0;0;0;0;0;100;0;0;0;0;1;0;0;0;0;6;21;0;0;0;0;0;0;0;16;0;0;0;0;0;0;10000;0;0;0;0;0;0;0;0;0;0;0;0;0;0;0;0;0;0;59493;0;0;0;0;0
8d_sh_100x100;0;100;20;0;0;0;0;0;0;100;0;0;0;0;1;0;0;0;0;7;20;0;0;0;0;0;0;0;17;0;0;0;0;0;0;0;0;10000;0;0;0;0;0;0;0;0;0;0;0;0;0;0;0;0;59493;0;0;0;0;0
8d_sll_100x100;0;100;26;0;0;0;0;0;0;100;0;0;0;0;1;0;0;0;0;1;26;0;0;0;0;0;0;0;11;0;0;0;0;0;0;0;0;0;10000;0;0;0;0;0;0;0;0;0;0;0;0;0;0;0;129;0;0;0;0;0
8d_slli_100x100;0;100;26;0;0;0;0;0;0;100;0;0;0;0;1;0;0;0;0;1;26;0;0;0;0;0;0;0;11;0;0;0;0;0;0;0;0;0;0;10000;0;0;0;0;0;0;0;0;0;0;0;0;0;0;129;0;0;0;0;0
8d_slliw_100x100;0;100;26;0;0;0;0;0;0;100;0;0;0;0;1;0;0;0;0;1;26;0;0;0;0;0;0;0;11;0;0;0;0;0;0;0;0;0;0;0;10000;0;0;0;0;0;0;0;0;0;0;0;0;0;129;0;0;0;0;0
8d_sllw_100x100;0;100;26;0;0;0;0;0;0;100;0;0;0;0;1;0;0;0;0;1;26;0;0;0;0;0;0;0;11;0;0;0;0;0;0;0;0;0;0;0;0;10000;0;0;0;0;0;0;0;0;0;0;0;0;129;0;0;0;0;0
8d_slt_100x100;0;100;26;0;0;0;0;0;0;100;0;0;0;0;1;0;0;0;0;1;26;0;0;0;0;0;0;0;11;0;0;0;0;0;0;0;0;0;0;0;0;0;10000;0;0;0;0;0;0;0;0;0;0;0;129;0;0;0;0;0
8d_slti_100x100;0;100;26;0;0;0;0;0;0;100;0;0;0;0;1;0;0;0;0;1;26;0;0;0;0;0;0;0;11;0;0;0;0;0;0;0;0;0;0;0;0;0;0;10000;0;0;0;0;0;0;0;0;0;0;129;0;0;0;0;0
8d_sltiu_100x100;0;100;26;0;0;0;0;0;0;100;0;0;0;0;1;0;0;0;0;1;26;0;0;0;0;0;0;0;11;0;0;0;0;0;0;0;0;0;0;0;0;0;0;0;10000;0;0;0;0;0;0;0;0;0;129;0;0;0;0;0
8d_sltu_100x100;0;100;26;0;0;0;0;0;0;100;0;0;0;0;1;0;0;0;0;1;26;0;0;0;0;0;0;0;11;0;0;0;0;0;0;0;0;0;0;0;0;0;0;0;0;10000;0;0;0;0;0;0;0;0;129;0;0;0;0;0
8d_sra_100x100;0;100;26;0;0;0;0;0;0;100;0;0;0;0;1;0;0;0;0;1;26;0;0;0;0;0;0;0;11;0;0;0;0;0;0;0;0;0;0;0;0;0;0;0;0;0;10000;0;0;0;0;0;0;0;129;0;0;0;0;0
8d_srai_100x100;0;100;26;0;0;0;0;0;0;100;0;0;0;0;1;0;0;0;0;1;26;0;0;0;0;0;0;0;11;0;0;0;0;0;0;0;0;0;0;0;0;0;0;0;0;0;0;10000;0;0;0;0;0;0;129;0;0;0;0;0
8d_sraiw_100x100;0;100;26;0;0;0;0;0;0;100;0;0;0;0;1;0;0;0;0;1;26;0;0;0;0;0;0;0;11;0;0;0;0;0;0;0;0;0;0;0;0;0;0;0;0;0;0;0;10000;0;0;0;0;0;129;0;0;0;0;0
8d_sraw_100x100;0;100;26;0;0;0;0;0;0;100;0;0;0;0;1;0;0;0;0;1;26;0;0;0;0;0;0;0;11;0;0;0;0;0;0;0;0;0;0;0;0;0;0;0;0;0;0;0;0;10000;0;0;0;0;129;0;0;0;0;0
8d_srl_100x100;0;100;26;0;0;0;0;0;0;100;0;0;0;0;1;0;0;0;0;1;26;0;0;0;0;0;0;0;11;0;0;0;0;0;0;0;0;0;0;0;0;0;0;0;0;0;0;0;0;0;10000;0;0;0;129;0;0;0;0;0
8d_srli_100x100;0;100;26;0;0;0;0;0;0;100;0;0;0;0;1;0;0;0;0;1;26;0;0;0;0;0;0;0;11;0;0;0;0;0;0;0;0;0;0;0;0;0;0;0;0;0;0;0;0;0;0;10000;0;0;129;0;0;0;0;0
8d_srliw_100x100;0;100;26;0;0;0;0;0;0;100;0;0;0;0;1;0;0;0;0;1;26;0;0;0;0;0;0;0;11;0;0;0;0;0;0;0;0;0;0;0;0;0;0;0;0;0;0;0;0;0;0;0;10000;0;129;0;0;0;0;0
8d_srlw_100x100;0;100;26;0;0;0;0;0;0;100;0;0;0;0;1;0;0;0;0;1;26;0;0;0;0;0;0;0;11;0;0;0;0;0;0;0;0;0;0;0;0;0;0;0;0;0;0;0;0;0;0;0;0;10000;129;0;0;0;0;0
8d_sub_100x100;0;100;26;0;0;0;0;0;0;100;0;0;0;0;1;0;0;0;0;1;26;0;0;0;0;0;0;0;11;0;0;0;0;0;0;0;0;0;0;0;0;0;0;0;0;0;0;0;0;0;0;0;0;0;129;10000;0;0;0;0
8d_subw_100x100;0;100;26;0;0;0;0;0;0;100;0;0;0;0;1;0;0;0;0;1;26;0;0;0;0;0;0;0;11;0;0;0;0;0;0;0;0;0;0;0;0;0;0;0;0;0;0;0;0;0;0;0;0;0;129;0;10000;0;0;0
8d_sw_100x100;0;100;20;0;0;0;0;0;0;100;0;0;0;0;1;0;0;0;0;7;20;0;0;0;0;0;0;0;17;0;0;0;0;0;0;0;0;0;0;0;0;0;0;0;0;0;0;0;0;0;0;0;0;0;59493;0;0;10000;0;0
8d_xor_100x100;0;100;26;0;0;0;0;0;0;100;0;0;0;0;1;0;0;0;0;1;26;0;0;0;0;0;0;0;11;0;0;0;0;0;0;0;0;0;0;0;0;0;0;0;0;0;0;0;0;0;0;0;0;0;129;0;0;0;10000;0
8d_xori_100x100;0;100;26;0;0;0;0;0;0;100;0;0;0;0;1;0;0;0;0;1;26;0;0;0;0;0;0;0;11;0;0;0;0;0;0;0;0;0;0;0;0;0;0;0;0;0;0;0;0;0;0;0;0;0;129;0;0;0;0;10000
8e_add_100x100;10000;100;26;0;0;0;0;0;0;100;0;0;0;0;1;0;0;0;0;1;26;0;0;0;0;0;0;0;11;0;0;0;0;0;0;0;0;0;0;0;0;0;0;0;0;0;0;0;0;0;0;0;0;0;129;0;0;0;0;0
8e_addi_100x100;0;10100;26;0;0;0;0;0;0;100;0;0;0;0;1;0;0;0;0;1;26;0;0;0;0;0;0;0;11;0;0;0;0;0;0;0;0;0;0;0;0;0;0;0;0;0;0;0;0;0;0;0;0;0;129;0;0;0;0;0
8e_addiw_100x100;0;100;10026;0;0;0;0;0;0;100;0;0;0;0;1;0;0;0;0;1;26;0;0;0;0;0;0;0;11;0;0;0;0;0;0;0;0;0;0;0;0;0;0;0;0;0;0;0;0;0;0;0;0;0;129;0;0;0;0;0
8e_addw_100x100;0;100;26;10000;0;0;0;0;0;100;0;0;0;0;1;0;0;0;0;1;26;0;0;0;0;0;0;0;11;0;0;0;0;0;0;0;0;0;0;0;0;0;0;0;0;0;0;0;0;0;0;0;0;0;129;0;0;0;0;0
8e_and_100x100;0;100;26;0;10000;0;0;0;0;100;0;0;0;0;1;0;0;0;0;1;26;0;0;0;0;0;0;0;11;0;0;0;0;0;0;0;0;0;0;0;0;0;0;0;0;0;0;0;0;0;0;0;0;0;129;0;0;0;0;0
8e_andi_100x100;0;100;26;0;0;10000;0;0;0;100;0;0;0;0;1;0;0;0;0;1;26;0;0;0;0;0;0;0;11;0;0;0;0;0;0;0;0;0;0;0;0;0;0;0;0;0;0;0;0;0;0;0;0;0;129;0;0;0;0;0
8e_auipc_100x100;0;100;26;0;0;0;10000;0;0;100;0;0;0;0;1;0;0;0;0;1;26;0;0;0;0;0;0;0;11;0;0;0;0;0;0;0;0;0;0;0;0;0;0;0;0;0;0;0;0;0;0;0;0;0;129;0;0;0;0;0
8e_div_100x100;0;100;26;0;0;0;0;0;0;100;10000;0;0;0;1;0;0;0;0;1;26;0;0;0;0;0;0;0;11;0;0;0;0;0;0;0;0;0;0;0;0;0;0;0;0;0;0;0;0;0;0;0;0;0;58266;0;0;0;0;0
8e_divu_100x100;0;100;26;0;0;0;0;0;0;100;0;10000;0;0;1;0;0;0;0;1;26;0;0;0;0;0;0;0;11;0;0;0;0;0;0;0;0;0;0;0;0;0;0;0;0;0;0;0;0;0;0;0;0;0;58367;0;0;0;0;0
8e_divuw_100x100;0;100;26;0;0;0;0;0;0;100;0;0;10000;0;1;0;0;0;0;1;26;0;0;0;0;0;0;0;11;0;0;0;0;0;0;0;0;0;0;0;0;0;0;0;0;0;0;0;0;0;0;0;0;0;61772;0;0;0;0;0
8e_divw_100x100;0;100;26;0;0;0;0;0;0;100;0;0;0;10000;1;0;0;0;0;1;26;0;0;0;0;0;0;0;11;0;0;0;0;0;0;0;0;0;0;0;0;0;0;0;0;0;0;0;0;0;0;0;0;0;61457;0;0;0;0;0
8e_lb_100x100;0;0;26;0;0;0;0;0;0;0;0;0;0;0;0;1;0;0;0;1;26;0;0;0;0;0;0;0;11;0;0;0;0;0;0;0;0;0;0;0;0;0;0;0;0;0;0;0;0;0;0;0;0;0;249898;0;0;0;0;0
8e_lbu_100x100;0;0;26;0;0;0;0;0;0;0;0;0;0;0;0;0;1;0;0;1;26;0;0;0;0;0;0;0;11;0;0;0;0;0;0;0;0;0;0;0;0;0;0;0;0;0;0;0;0;0;0;0;0;0;249898;0;0;0;0;0
8e_lh_100x100;0;0;26;0;0;0;0;0;0;0;0;0;0;0;0;0;0;1;0;1;26;0;0;0;0;0;0;0;11;0;0;0;0;0;0;0;0;0;0;0;0;0;0;0;0;0;0;0;0;0;0;0;0;0;249898;0;0;0;0;0
8e_lhu_100x100;0;0;26;0;0;0;0;0;0;0;0;0;0;0;0;0;0;0;1;1;26;0;0;0;0;0;0;0;11;0;0;0;0;0;0;0;0;0;0;0;0;0;0;0;0;0;0;0;0;0;0;0;0;0;249898;0;0;0;0;0
8e_lui_100x100;0;100;26;0;0;0;0;0;0;100;0;0;0;0;1;0;0;0;0;1;10026;0;0;0;0;0;0;0;11;0;0;0;0;0;0;0;0;0;0;0;0;0;0;0;0;0;0;0;0;0;0;0;0;0;129;0;0;0;0;0
8e_lw_100x100;0;0;26;0;0;0;0;0;0;0;0;0;0;0;0;0;0;0;0;1;26;1;0;0;0;0;0;0;11;0;0;0;0;0;0;0;0;0;0;0;0;0;0;0;0;0;0;0;0;0;0;0;0;0;249898;0;0;0;0;0
8e_mul_100x100;0;100;26;0;0;0;0;0;0;100;0;0;0;0;1;0;0;0;0;1;26;0;10000;0;0;0;0;0;11;0;0;0;0;0;0;0;0;0;0;0;0;0;0;0;0;0;0;0;0;0;0;0;0;0;59062;0;0;0;0;0
8e_mulh_100x100;0;100;26;0;0;0;0;0;0;100;0;0;0;0;1;0;0;0;0;1;26;0;0;10000;0;0;0;0;11;0;0;0;0;0;0;0;0;0;0;0;0;0;0;0;0;0;0;0;0;0;0;0;0;0;110439;0;0;0;0;0
8e_mulhsu_100x100;0;100;26;0;0;0;0;0;0;100;0;0;0;0;1;0;0;0;0;1;26;0;0;0;10000;0;0;0;11;0;0;0;0;0;0;0;0;0;0;0;0;0;0;0;0;0;0;0;0;0;0;0;0;0;108437;0;0;0;0;0
8e_mulhu_100x100;0;100;26;0;0;0;0;0;0;100;0;0;0;0;1;0;0;0;0;1;26;0;0;0;0;10000;0;0;11;0;0;0;0;0;0;0;0;0;0;0;0;0;0;0;0;0;0;0;0;0;0;0;0;0;110457;0;0;0;0;0
8e_mulw_100x100;0;100;26;0;0;0;0;0;0;100;0;0;0;0;1;0;0;0;0;1;26;0;0;0;0;0;10000;0;11;0;0;0;0;0;0;0;0;0;0;0;0;0;0;0;0;0;0;0;0;0;0;0;0;0;57860;0;0;0;0;0
8e_mv_100x100;0;100;26;0;0;0;0;0;0;100;0;0;0;0;1;0;0;0;0;1;26;0;0;0;0;0;0;10000;11;0;0;0;0;0;0;0;0;0;0;0;0;0;0;0;0;0;0;0;0;0;0;0;0;0;129;0;0;0;0;0
8e_nop_100x100;0;100;26;0;0;0;0;0;0;100;0;0;0;0;1;0;0;0;0;1;26;0;0;0;0;0;0;0;10011;0;0;0;0;0;0;0;0;0;0;0;0;0;0;0;0;0;0;0;0;0;0;0;0;0;129;0;0;0;0;0
8e_or_100x100;0;100;26;0;0;0;0;0;0;100;0;0;0;0;1;0;0;0;0;1;26;0;0;0;0;0;0;0;11;10000;0;0;0;0;0;0;0;0;0;0;0;0;0;0;0;0;0;0;0;0;0;0;0;0;129;0;0;0;0;0
8e_ori_100x100;0;100;26;0;0;0;0;0;0;100;0;0;0;0;1;0;0;0;0;1;26;0;0;0;0;0;0;0;11;0;10000;0;0;0;0;0;0;0;0;0;0;0;0;0;0;0;0;0;0;0;0;0;0;0;129;0;0;0;0;0
8e_rem_100x100;0;100;26;0;0;0;0;0;0;100;0;0;0;0;1;0;0;0;0;1;26;0;0;0;0;0;0;0;11;0;0;10000;0;0;0;0;0;0;0;0;0;0;0;0;0;0;0;0;0;0;0;0;0;0;69554;0;0;0;0;0
8e_remu_100x100;0;100;26;0;0;0;0;0;0;100;0;0;0;0;1;0;0;0;0;1;26;0;0;0;0;0;0;0;11;0;0;0;10000;0;0;0;0;0;0;0;0;0;0;0;0;0;0;0;0;0;0;0;0;0;67062;0;0;0;0;0
8e_remuw_100x100;0;100;26;0;0;0;0;0;0;100;0;0;0;0;1;0;0;0;0;1;26;0;0;0;0;0;0;0;11;0;0;0;0;10000;0;0;0;0;0;0;0;0;0;0;0;0;0;0;0;0;0;0;0;0;64058;0;0;0;0;0
8e_remw_100x100;0;100;26;0;0;0;0;0;0;100;0;0;0;0;1;0;0;0;0;1;26;0;0;0;0;0;0;0;11;0;0;0;0;0;10000;0;0;0;0;0;0;0;0;0;0;0;0;0;0;0;0;0;0;0;70364;0;0;0;0;0
8e_sb_100x100;0;100;18;0;0;0;0;0;0;100;0;0;0;0;1;0;0;0;0;9;18;0;0;0;0;0;0;0;19;0;0;0;0;0;0;10000;0;0;0;0;0;0;0;0;0;0;0;0;0;0;0;0;0;0;59493;0;0;0;0;0
8e_sh_100x100;0;100;17;0;0;0;0;0;0;100;0;0;0;0;1;0;0;0;0;10;17;0;0;0;0;0;0;0;20;0;0;0;0;0;0;0;0;10000;0;0;0;0;0;0;0;0;0;0;0;0;0;0;0;0;59493;0;0;0;0;0
8e_sll_100x100;0;100;26;0;0;0;0;0;0;100;0;0;0;0;1;0;0;0;0;1;26;0;0;0;0;0;0;0;11;0;0;0;0;0;0;0;0;0;10000;0;0;0;0;0;0;0;0;0;0;0;0;0;0;0;129;0;0;0;0;0
8e_slli_100x100;0;100;26;0;0;0;0;0;0;100;0;0;0;0;1;0;0;0;0;1;26;0;0;0;0;0;0;0;11;0;0;0;0;0;0;0;0;0;0;10000;0;0;0;0;0;0;0;0;0;0;0;0;0;0;129;0;0;0;0;0
8e_slliw_100x100;0;100;26;0;0;0;0;0;0;100;0;0;0;0;1;0;0;0;0;1;26;0;0;0;0;0;0;0;11;0;0;0;0;0;0;0;0;0;0;0;10000;0;0;0;0;0;0;0;0;0;0;0;0;0;129;0;0;0;0;0
8e_sllw_100x100;0;100;26;0;0;0;0;0;0;100;0;0;0;0;1;0;0;0;0;1;26;0;0;0;0;0;0;0;11;0;0;0;0;0;0;0;0;0;0;0;0;10000;0;0;0;0;0;0;0;0;0;0;0;0;129;0;0;0;0;0
8e_slt_100x100;0;100;26;0;0;0;0;0;0;100;0;0;0;0;1;0;0;0;0;1;26;0;0;0;0;0;0;0;11;0;0;0;0;0;0;0;0;0;0;0;0;0;10000;0;0;0;0;0;0;0;0;0;0;0;129;0;0;0;0;0
8e_slti_100x100;0;100;26;0;0;0;0;0;0;100;0;0;0;0;1;0;0;0;0;1;26;0;0;0;0;0;0;0;11;0;0;0;0;0;0;0;0;0;0;0;0;0;0;10000;0;0;0;0;0;0;0;0;0;0;129;0;0;0;0;0
8e_sltiu_100x100;0;100;26;0;0;0;0;0;0;100;0;0;0;0;1;0;0;0;0;1;26;0;0;0;0;0;0;0;11;0;0;0;0;0;0;0;0;0;0;0;0;0;0;0;10000;0;0;0;0;0;0;0;0;0;129;0;0;0;0;0
8e_sltu_100x100;0;100;26;0;0;0;0;0;0;100;0;0;0;0;1;0;0;0;0;1;26;0;0;0;0;0;0;0;11;0;0;0;0;0;0;0;0;0;0;0;0;0;0;0;0;10000;0;0;0;0;0;0;0;0;129;0;0;0;0;0
8e_sra_100x100;0;100;26;0;0;0;0;0;0;100;0;0;0;0;1;0;0;0;0;1;26;0;0;0;0;0;0;0;11;0;0;0;0;0;0;0;0;0;0;0;0;0;0;0;0;0;10000;0;0;0;0;0;0;0;129;0;0;0;0;0
8e_srai_100x100;0;100;26;0;0;0;0;0;0;100;0;0;0;0;1;0;0;0;0;1;26;0;0;0;0;0;0;0;11;0;0;0;0;0;0;0;0;0;0;0;0;0;0;0;0;0;0;10000;0;0;0;0;0;0;129;0;0;0;0;0
8e_sraiw_100x100;0;100;26;0;0;0;0;0;0;100;0;0;0;0;1;0;0;0;0;1;26;0;0;0;0;0;0;0;11;0;0;0;0;0;0;0;0;0;0;0;0;0;0;0;0;0;0;0;10000;0;0;0;0;0;129;0;0;0;0;0
8e_sraw_100x100;0;100;26;0;0;0;0;0;0;100;0;0;0;0;1;0;0;0;0;1;26;0;0;0;0;0;0;0;11;0;0;0;0;0;0;0;0;0;0;0;0;0;0;0;0;0;0;0;0;10000;0;0;0;0;129;0;0;0;0;0
8e_srl_100x100;0;100;26;0;0;0;0;0;0;100;0;0;0;0;1;0;0;0;0;1;26;0;0;0;0;0;0;0;11;0;0;0;0;0;0;0;0;0;0;0;0;0;0;0;0;0;0;0;0;0;10000;0;0;0;129;0;0;0;0;0
8e_srli_100x100;0;100;26;0;0;0;0;0;0;100;0;0;0;0;1;0;0;0;0;1;26;0;0;0;0;0;0;0;11;0;0;0;0;0;0;0;0;0;0;0;0;0;0;0;0;0;0;0;0;0;0;10000;0;0;129;0;0;0;0;0
8e_srliw_100x100;0;100;26;0;0;0;0;0;0;100;0;0;0;0;1;0;0;0;0;1;26;0;0;0;0;0;0;0;11;0;0;0;0;0;0;0;0;0;0;0;0;0;0;0;0;0;0;0;0;0;0;0;10000;0;129;0;0;0;0;0
8e_srlw_100x100;0;100;26;0;0;0;0;0;0;100;0;0;0;0;1;0;0;0;0;1;26;0;0;0;0;0;0;0;11;0;0;0;0;0;0;0;0;0;0;0;0;0;0;0;0;0;0;0;0;0;0;0;0;10000;129;0;0;0;0;0
8e_sub_100x100;0;100;26;0;0;0;0;0;0;100;0;0;0;0;1;0;0;0;0;1;26;0;0;0;0;0;0;0;11;0;0;0;0;0;0;0;0;0;0;0;0;0;0;0;0;0;0;0;0;0;0;0;0;0;129;10000;0;0;0;0
8e_subw_100x100;0;100;26;0;0;0;0;0;0;100;0;0;0;0;1;0;0;0;0;1;26;0;0;0;0;0;0;0;11;0;0;0;0;0;0;0;0;0;0;0;0;0;0;0;0;0;0;0;0;0;0;0;0;0;129;0;10000;0;0;0
8e_sw_100x100;0;100;20;0;0;0;0;0;0;100;0;0;0;0;1;0;0;0;0;7;20;0;0;0;0;0;0;0;17;0;0;0;0;0;0;0;0;0;0;0;0;0;0;0;0;0;0;0;0;0;0;0;0;0;59493;0;0;10000;0;0
8e_xor_100x100;0;100;26;0;0;0;0;0;0;100;0;0;0;0;1;0;0;0;0;1;26;0;0;0;0;0;0;0;11;0;0;0;0;0;0;0;0;0;0;0;0;0;0;0;0;0;0;0;0;0;0;0;0;0;129;0;0;0;10000;0
8e_xori_100x100;0;100;26;0;0;0;0;0;0;100;0;0;0;0;1;0;0;0;0;1;26;0;0;0;0;0;0;0;11;0;0;0;0;0;0;0;0;0;0;0;0;0;0;0;0;0;0;0;0;0;0;0;0;0;129;0;0;0;0;10000
8f_add_100x100;10000;100;26;0;0;0;0;0;0;100;0;0;0;0;1;0;0;0;0;1;26;0;0;0;0;0;0;0;11;0;0;0;0;0;0;0;0;0;0;0;0;0;0;0;0;0;0;0;0;0;0;0;0;0;129;0;0;0;0;0
8f_addi_100x100;0;10100;26;0;0;0;0;0;0;100;0;0;0;0;1;0;0;0;0;1;26;0;0;0;0;0;0;0;11;0;0;0;0;0;0;0;0;0;0;0;0;0;0;0;0;0;0;0;0;0;0;0;0;0;129;0;0;0;0;0
8f_addiw_100x100;0;100;10026;0;0;0;0;0;0;100;0;0;0;0;1;0;0;0;0;1;26;0;0;0;0;0;0;0;11;0;0;0;0;0;0;0;0;0;0;0;0;0;0;0;0;0;0;0;0;0;0;0;0;0;129;0;0;0;0;0
8f_addw_100x100;0;100;26;10000;0;0;0;0;0;100;0;0;0;0;1;0;0;0;0;1;26;0;0;0;0;0;0;0;11;0;0;0;0;0;0;0;0;0;0;0;0;0;0;0;0;0;0;0;0;0;0;0;0;0;129;0;0;0;0;0
8f_and_100x100;0;100;26;0;10000;0;0;0;0;100;0;0;0;0;1;0;0;0;0;1;26;0;0;0;0;0;0;0;11;0;0;0;0;0;0;0;0;0;0;0;0;0;0;0;0;0;0;0;0;0;0;0;0;0;129;0;0;0;0;0
8f_andi_100x100;0;100;26;0;0;10000;0;0;0;100;0;0;0;0;1;0;0;0;0;1;26;0;0;0;0;0;0;0;11;0;0;0;0;0;0;0;0;0;0;0;0;0;0;0;0;0;0;0;0;0;0;0;0;0;129;0;0;0;0;0
8f_auipc_100x100;0;100;26;0;0;0;10000;0;0;100;0;0;0;0;1;0;0;0;0;1;26;0;0;0;0;0;0;0;11;0;0;0;0;0;0;0;0;0;0;0;0;0;0;0;0;0;0;0;0;0;0;0;0;0;129;0;0;0;0;0
8f_div_100x100;0;100;26;0;0;0;0;0;0;100;10000;0;0;0;1;0;0;0;0;1;26;0;0;0;0;0;0;0;11;0;0;0;0;0;0;0;0;0;0;0;0;0;0;0;0;0;0;0;0;0;0;0;0;0;59556;0;0;0;0;0
8f_divu_100x100;0;100;26;0;0;0;0;0;0;100;0;10000;0;0;1;0;0;0;0;1;26;0;0;0;0;0;0;0;11;0;0;0;0;0;0;0;0;0;0;0;0;0;0;0;0;0;0;0;0;0;0;0;0;0;61397;0;0;0;0;0
8f_divuw_100x100;0;100;26;0;0;0;0;0;0;100;0;0;10000;0;1;0;0;0;0;1;26;0;0;0;0;0;0;0;11;0;0;0;0;0;0;0;0;0;0;0;0;0;0;0;0;0;0;0;0;0;0;0;0;0;66281;0;0;0;0;0
8f_divw_100x100;0;100;26;0;0;0;0;0;0;100;0;0;0;10000;1;0;0;0;0;1;26;0;0;0;0;0;0;0;11;0;0;0;0;0;0;0;0;0;0;0;0;0;0;0;0;0;0;0;0;0;0;0;0;0;61653;0;0;0;0;0
8f_lb_100x100;0;0;26;0;0;0;0;0;0;0;0;0;0;0;0;2;0;0;0;1;26;0;0;0;0;0;0;0;11;0;0;0;0;0;0;0;0;0;0;0;0;0;0;0;0;0;0;0;0;0;0;0;0;0;249897;0;0;0;0;0
8f_lbu_100x100;0;0;26;0;0;0;0;0;0;0;0;0;0;0;0;0;1;0;0;1;26;0;0;0;0;0;0;0;11;0;0;0;0;0;0;0;0;0;0;0;0;0;0;0;0;0;0;0;0;0;0;0;0;0;249898;0;0;0;0;0
8f_lh_100x100;0;0;26;0;0;0;0;0;0;0;0;0;0;0;0;0;0;1;0;1;26;0;0;0;0;0;0;0;11;0;0;0;0;0;0;0;0;0;0;0;0;0;0;0;0;0;0;0;0;0;0;0;0;0;249898;0;0;0;0;0
8f_lhu_100x100;0;0;26;0;0;0;0;0;0;0;0;0;0;0;0;0;0;0;1;1;26;0;0;0;0;0;0;0;11;0;0;0;0;0;0;0;0;0;0;0;0;0;0;0;0;0;0;0;0;0;0;0;0;0;249898;0;0;0;0;0
8f_lui_100x100;0;100;26;0;0;0;0;0;0;100;0;0;0;0;1;0;0;0;0;1;10026;0;0;0;0;0;0;0;11;0;0;0;0;0;0;0;0;0;0;0;0;0;0;0;0;0;0;0;0;0;0;0;0;0;129;0;0;0;0;0
8f_lw_100x100;0;0;26;0;0;0;0;0;0;0;0;0;0;0;0;0;0;0;0;1;26;1;0;0;0;0;0;0;11;0;0;0;0;0;0;0;0;0;0;0;0;0;0;0;0;0;0;0;0;0;0;0;0;0;249898;0;0;0;0;0
8f_mul_100x100;0;100;26;0;0;0;0;0;0;100;0;0;0;0;1;0;0;0;0;1;26;0;10000;0;0;0;0;0;11;0;0;0;0;0;0;0;0;0;0;0;0;0;0;0;0;0;0;0;0;0;0;0;0;0;57060;0;0;0;0;0
8f_mulh_100x100;0;100;26;0;0;0;0;0;0;100;0;0;0;0;1;0;0;0;0;1;26;0;0;10000;0;0;0;0;11;0;0;0;0;0;0;0;0;0;0;0;0;0;0;0;0;0;0;0;0;0;0;0;0;0;107253;0;0;0;0;0
8f_mulhsu_100x100;0;100;26;0;0;0;0;0;0;100;0;0;0;0;1;0;0;0;0;1;26;0;0;0;10000;0;0;0;11;0;0;0;0;0;0;0;0;0;0;0;0;0;0;0;0;0;0;0;0;0;0;0;0;0;108842;0;0;0;0;0
8f_mulhu_100x100;0;100;26;0;0;0;0;0;0;100;0;0;0;0;1;0;0;0;0;1;26;0;0;0;0;10000;0;0;11;0;0;0;0;0;0;0;0;0;0;0;0;0;0;0;0;0;0;0;0;0;0;0;0;0;109862;0;0;0;0;0
8f_mulw_100x100;0;100;26;0;0;0;0;0;0;100;0;0;0;0;1;0;0;0;0;1;26;0;0;0;0;0;10000;0;11;0;0;0;0;0;0;0;0;0;0;0;0;0;0;0;0;0;0;0;0;0;0;0;0;0;59858;0;0;0;0;0
8f_mv_100x100;0;100;26;0;0;0;0;0;0;100;0;0;0;0;1;0;0;0;0;1;26;0;0;0;0;0;0;10000;11;0;0;0;0;0;0;0;0;0;0;0;0;0;0;0;0;0;0;0;0;0;0;0;0;0;129;0;0;0;0;0
8f_nop_100x100;0;100;26;0;0;0;0;0;0;100;0;0;0;0;1;0;0;0;0;1;26;0;0;0;0;0;0;0;10011;0;0;0;0;0;0;0;0;0;0;0;0;0;0;0;0;0;0;0;0;0;0;0;0;0;129;0;0;0;0;0
8f_or_100x100;0;100;26;0;0;0;0;0;0;100;0;0;0;0;1;0;0;0;0;1;26;0;0;0;0;0;0;0;11;10000;0;0;0;0;0;0;0;0;0;0;0;0;0;0;0;0;0;0;0;0;0;0;0;0;129;0;0;0;0;0
8f_ori_100x100;0;100;26;0;0;0;0;0;0;100;0;0;0;0;1;0;0;0;0;1;26;0;0;0;0;0;0;0;11;0;10000;0;0;0;0;0;0;0;0;0;0;0;0;0;0;0;0;0;0;0;0;0;0;0;129;0;0;0;0;0
8f_rem_100x100;0;100;26;0;0;0;0;0;0;100;0;0;0;0;1;0;0;0;0;1;26;0;0;0;0;0;0;0;11;0;0;10000;0;0;0;0;0;0;0;0;0;0;0;0;0;0;0;0;0;0;0;0;0;0;72047;0;0;0;0;0
8f_remu_100x100;0;100;26;0;0;0;0;0;0;100;0;0;0;0;1;0;0;0;0;1;26;0;0;0;0;0;0;0;11;0;0;0;10000;0;0;0;0;0;0;0;0;0;0;0;0;0;0;0;0;0;0;0;0;0;71147;0;0;0;0;0
8f_remuw_100x100;0;100;26;0;0;0;0;0;0;100;0;0;0;0;1;0;0;0;0;1;26;0;0;0;0;0;0;0;11;0;0;0;0;10000;0;0;0;0;0;0;0;0;0;0;0;0;0;0;0;0;0;0;0;0;68159;0;0;0;0;0
8f_remw_100x100;0;100;26;0;0;0;0;0;0;100;0;0;0;0;1;0;0;0;0;1;26;0;0;0;0;0;0;0;11;0;0;0;0;0;10000;0;0;0;0;0;0;0;0;0;0;0;0;0;0;0;0;0;0;0;66453;0;0;0;0;0
8f_sb_100x100;0;100;23;0;0;0;0;0;0;100;0;0;0;0;1;0;0;0;0;4;23;0;0;0;0;0;0;0;14;0;0;0;0;0;0;10000;0;0;0;0;0;0;0;0;0;0;0;0;0;0;0;0;0;0;59493;0;0;0;0;0
8f_sh_100x100;0;100;22;0;0;0;0;0;0;100;0;0;0;0;1;0;0;0;0;5;22;0;0;0;0;0;0;0;15;0;0;0;0;0;0;0;0;10000;0;0;0;0;0;0;0;0;0;0;0;0;0;0;0;0;59493;0;0;0;0;0
8f_sll_100x100;0;100;26;0;0;0;0;0;0;100;0;0;0;0;1;0;0;0;0;1;26;0;0;0;0;0;0;0;11;0;0;0;0;0;0;0;0;0;10000;0;0;0;0;0;0;0;0;0;0;0;0;0;0;0;129;0;0;0;0;0
8f_slli_100x100;0;100;26;0;0;0;0;0;0;100;0;0;0;0;1;0;0;0;0;1;26;0;0;0;0;0;0;0;11;0;0;0;0;0;0;0;0;0;0;10000;0;0;0;0;0;0;0;0;0;0;0;0;0;0;129;0;0;0;0;0
8f_slliw_100x100;0;100;26;0;0;0;0;0;0;100;0;0;0;0;1;0;0;0;0;1;26;0;0;0;0;0;0;0;11;0;0;0;0;0;0;0;0;0;0;0;10000;0;0;0;0;0;0;0;0;0;0;0;0;0;129;0;0;0;0;0
8f_sllw_100x100;0;100;26;0;0;0;0;0;0;100;0;0;0;0;1;0;0;0;0;1;26;0;0;0;0;0;0;0;11;0;0;0;0;0;0;0;0;0;0;0;0;10000;0;0;0;0;0;0;0;0;0;0;0;0;129;0;0;0;0;0
8f_slt_100x100;0;100;26;0;0;0;0;0;0;100;0;0;0;0;1;0;0;0;0;1;26;0;0;0;0;0;0;0;11;0;0;0;0;0;0;0;0;0;0;0;0;0;10000;0;0;0;0;0;0;0;0;0;0;0;129;0;0;0;0;0
8f_slti_100x100;0;100;26;0;0;0;0;0;0;100;0;0;0;0;1;0;0;0;0;1;26;0;0;0;0;0;0;0;11;0;0;0;0;0;0;0;0;0;0;0;0;0;0;10000;0;0;0;0;0;0;0;0;0;0;129;0;0;0;0;0
8f_sltiu_100x100;0;100;26;0;0;0;0;0;0;100;0;0;0;0;1;0;0;0;0;1;26;0;0;0;0;0;0;0;11;0;0;0;0;0;0;0;0;0;0;0;0;0;0;0;10000;0;0;0;0;0;0;0;0;0;129;0;0;0;0;0
8f_sltu_100x100;0;100;26;0;0;0;0;0;0;100;0;0;0;0;1;0;0;0;0;1;26;0;0;0;0;0;0;0;11;0;0;0;0;0;0;0;0;0;0;0;0;0;0;0;0;10000;0;0;0;0;0;0;0;0;129;0;0;0;0;0
8f_sra_100x100;0;100;26;0;0;0;0;0;0;100;0;0;0;0;1;0;0;0;0;1;26;0;0;0;0;0;0;0;11;0;0;0;0;0;0;0;0;0;0;0;0;0;0;0;0;0;10000;0;0;0;0;0;0;0;129;0;0;0;0;0
8f_srai_100x100;0;100;26;0;0;0;0;0;0;100;0;0;0;0;1;0;0;0;0;1;26;0;0;0;0;0;0;0;11;0;0;0;0;0;0;0;0;0;0;0;0;0;0;0;0;0;0;10000;0;0;0;0;0;0;129;0;0;0;0;0
8f_sraiw_100x100;0;100;26;0;0;0;0;0;0;100;0;0;0;0;1;0;0;0;0;1;26;0;0;0;0;0;0;0;11;0;0;0;0;0;0;0;0;0;0;0;0;0;0;0;0;0;0;0;10000;0;0;0;0;0;129;0;0;0;0;0
8f_sraw_100x100;0;100;26;0;0;0;0;0;0;100;0;0;0;0;1;0;0;0;0;1;26;0;0;0;0;0;0;0;11;0;0;0;0;0;0;0;0;0;0;0;0;0;0;0;0;0;0;0;0;10000;0;0;0;0;129;0;0;0;0;0
8f_srl_100x100;0;100;26;0;0;0;0;0;0;100;0;0;0;0;1;0;0;0;0;1;26;0;0;0;0;0;0;0;11;0;0;0;0;0;0;0;0;0;0;0;0;0;0;0;0;0;0;0;0;0;10000;0;0;0;129;0;0;0;0;0
8f_srli_100x100;0;100;26;0;0;0;0;0;0;100;0;0;0;0;1;0;0;0;0;1;26;0;0;0;0;0;0;0;11;0;0;0;0;0;0;0;0;0;0;0;0;0;0;0;0;0;0;0;0;0;0;10000;0;0;129;0;0;0;0;0
8f_srliw_100x100;0;100;26;0;0;0;0;0;0;100;0;0;0;0;1;0;0;0;0;1;26;0;0;0;0;0;0;0;11;0;0;0;0;0;0;0;0;0;0;0;0;0;0;0;0;0;0;0;0;0;0;0;10000;0;129;0;0;0;0;0
8f_srlw_100x100;0;100;26;0;0;0;0;0;0;100;0;0;0;0;1;0;0;0;0;1;26;0;0;0;0;0;0;0;11;0;0;0;0;0;0;0;0;0;0;0;0;0;0;0;0;0;0;0;0;0;0;0;0;10000;129;0;0;0;0;0
8f_sub_100x100;0;100;26;0;0;0;0;0;0;100;0;0;0;0;1;0;0;0;0;1;26;0;0;0;0;0;0;0;11;0;0;0;0;0;0;0;0;0;0;0;0;0;0;0;0;0;0;0;0;0;0;0;0;0;129;10000;0;0;0;0
8f_subw_100x100;0;100;26;0;0;0;0;0;0;100;0;0;0;0;1;0;0;0;0;1;26;0;0;0;0;0;0;0;11;0;0;0;0;0;0;0;0;0;0;0;0;0;0;0;0;0;0;0;0;0;0;0;0;0;129;0;10000;0;0;0
8f_sw_100x100;0;100;15;0;0;0;0;0;0;100;0;0;0;0;1;0;0;0;0;12;15;0;0;0;0;0;0;0;22;0;0;0;0;0;0;0;0;0;0;0;0;0;0;0;0;0;0;0;0;0;0;0;0;0;59493;0;0;10000;0;0
8f_xor_100x100;0;100;26;0;0;0;0;0;0;100;0;0;0;0;1;0;0;0;0;1;26;0;0;0;0;0;0;0;11;0;0;0;0;0;0;0;0;0;0;0;0;0;0;0;0;0;0;0;0;0;0;0;0;0;129;0;0;0;10000;0
8f_xori_100x100;0;100;26;0;0;0;0;0;0;100;0;0;0;0;1;0;0;0;0;1;26;0;0;0;0;0;0;0;11;0;0;0;0;0;0;0;0;0;0;0;0;0;0;0;0;0;0;0;0;0;0;0;0;0;129;0;0;0;0;10000
8g_add_100x100;10000;100;26;0;0;0;0;0;0;100;0;0;0;0;1;0;0;0;0;1;26;0;0;0;0;0;0;0;11;0;0;0;0;0;0;0;0;0;0;0;0;0;0;0;0;0;0;0;0;0;0;0;0;0;129;0;0;0;0;0
8g_addi_100x100;0;10100;26;0;0;0;0;0;0;100;0;0;0;0;1;0;0;0;0;1;26;0;0;0;0;0;0;0;11;0;0;0;0;0;0;0;0;0;0;0;0;0;0;0;0;0;0;0;0;0;0;0;0;0;129;0;0;0;0;0
8g_addiw_100x100;0;100;10025;0;0;0;0;0;0;100;0;0;0;0;1;0;0;0;0;1;26;0;0;0;0;0;0;0;12;0;0;0;0;0;0;0;0;0;0;0;0;0;0;0;0;0;0;0;0;0;0;0;0;0;129;0;0;0;0;0
8g_addw_100x100;0;100;26;10000;0;0;0;0;0;100;0;0;0;0;1;0;0;0;0;1;26;0;0;0;0;0;0;0;11;0;0;0;0;0;0;0;0;0;0;0;0;0;0;0;0;0;0;0;0;0;0;0;0;0;129;0;0;0;0;0
8g_and_100x100;0;100;26;0;10000;0;0;0;0;100;0;0;0;0;1;0;0;0;0;1;26;0;0;0;0;0;0;0;11;0;0;0;0;0;0;0;0;0;0;0;0;0;0;0;0;0;0;0;0;0;0;0;0;0;129;0;0;0;0;0
8g_andi_100x100;0;100;26;0;0;10000;0;0;0;100;0;0;0;0;1;0;0;0;0;1;26;0;0;0;0;0;0;0;11;0;0;0;0;0;0;0;0;0;0;0;0;0;0;0;0;0;0;0;0;0;0;0;0;0;129;0;0;0;0;0
8g_auipc_100x100;0;100;26;0;0;0;10000;0;0;100;0;0;0;0;1;0;0;0;0;1;26;0;0;0;0;0;0;0;11;0;0;0;0;0;0;0;0;0;0;0;0;0;0;0;0;0;0;0;0;0;0;0;0;0;129;0;0;0;0;0
8g_div_100x100;0;100;25;0;0;0;0;0;0;100;10000;0;0;0;1;0;0;0;0;1;26;0;0;0;0;0;0;0;12;0;0;0;0;0;0;0;0;0;0;0;0;0;0;0;0;0;0;0;0;0;0;0;0;0;63057;0;0;0;0;0
8g_divu_100x100;0;100;26;0;0;0;0;0;0;100;0;10000;0;0;1;0;0;0;0;1;26;0;0;0;0;0;0;0;11;0;0;0;0;0;0;0;0;0;0;0;0;0;0;0;0;0;0;0;0;0;0;0;0;0;66162;0;0;0;0;0
8g_divuw_100x100;0;100;26;0;0;0;0;0;0;100;0;0;10000;0;1;0;0;0;0;1;26;0;0;0;0;0;0;0;11;0;0;0;0;0;0;0;0;0;0;0;0;0;0;0;0;0;0;0;0;0;0;0;0;0;59456;0;0;0;0;0
8g_divw_100x100;0;100;26;0;0;0;0;0;0;100;0;0;0;10000;1;0;0;0;0;1;26;0;0;0;0;0;0;0;11;0;0;0;0;0;0;0;0;0;0;0;0;0;0;0;0;0;0;0;0;0;0;0;0;0;60960;0;0;0;0;0
8g_lb_100x100;0;0;26;0;0;0;0;0;0;0;0;0;0;0;0;1;0;0;0;1;26;0;0;0;0;0;0;0;11;0;0;0;0;0;0;0;0;0;0;0;0;0;0;0;0;0;0;0;0;0;0;0;0;0;249898;0;0;0;0;0
8g_lbu_100x100;0;0;25;0;0;0;0;0;0;0;0;0;0;0;0;0;1;0;0;1;26;0;0;0;0;0;0;0;12;0;0;0;0;0;0;0;0;0;0;0;0;0;0;0;0;0;0;0;0;0;0;0;0;0;249898;0;0;0;0;0
8g_lh_100x100;0;0;26;0;0;0;0;0;0;0;0;0;0;0;0;0;0;1;0;1;26;0;0;0;0;0;0;0;11;0;0;0;0;0;0;0;0;0;0;0;0;0;0;0;0;0;0;0;0;0;0;0;0;0;249898;0;0;0;0;0
8g_lhu_100x100;0;0;26;0;0;0;0;0;0;0;0;0;0;0;0;0;0;0;1;1;26;0;0;0;0;0;0;0;11;0;0;0;0;0;0;0;0;0;0;0;0;0;0;0;0;0;0;0;0;0;0;0;0;0;249898;0;0;0;0;0
8g_lui_100x100;0;100;25;0;0;0;0;0;0;100;0;0;0;0;1;0;0;0;0;1;10026;0;0;0;0;0;0;0;12;0;0;0;0;0;0;0;0;0;0;0;0;0;0;0;0;0;0;0;0;0;0;0;0;0;129;0;0;0;0;0
8g_lw_100x100;0;0;26;0;0;0;0;0;0;0;0;0;0;0;0;0;0;0;0;1;26;1;0;0;0;0;0;0;11;0;0;0;0;0;0;0;0;0;0;0;0;0;0;0;0;0;0;0;0;0;0;0;0;0;249898;0;0;0;0;0
8g_mul_100x100;0;100;26;0;0;0;0;0;0;100;0;0;0;0;1;0;0;0;0;1;26;0;10000;0;0;0;0;0;11;0;0;0;0;0;0;0;0;0;0;0;0;0;0;0;0;0;0;0;0;0;0;0;0;0;56268;0;0;0;0;0
8g_mulh_100x100;0;100;26;0;0;0;0;0;0;100;0;0;0;0;1;0;0;0;0;1;26;0;0;10000;0;0;0;0;11;0;0;0;0;0;0;0;0;0;0;0;0;0;0;0;0;0;0;0;0;0;0;0;0;0;109055;0;0;0;0;0
8g_mulhsu_100x100;0;100;26;0;0;0;0;0;0;100;0;0;0;0;1;0;0;0;0;1;26;0;0;0;10000;0;0;0;11;0;0;0;0;0;0;0;0;0;0;0;0;0;0;0;0;0;0;0;0;0;0;0;0;0;108648;0;0;0;0;0
8g_mulhu_100x100;0;100;26;0;0;0;0;0;0;100;0;0;0;0;1;0;0;0;0;1;26;0;0;0;0;10000;0;0;11;0;0;0;0;0;0;0;0;0;0;0;0;0;0;0;0;0;0;0;0;0;0;0;0;0;108830;0;0;0;0;0
8g_mulw_100x100;0;100;26;0;0;0;0;0;0;100;0;0;0;0;1;0;0;0;0;1;26;0;0;0;0;0;10000;0;11;0;0;0;0;0;0;0;0;0;0;0;0;0;0;0;0;0;0;0;0;0;0;0;0;0;56462;0;0;0;0;0
8g_mv_100x100;0;100;26;0;0;0;0;0;0;100;0;0;0;0;1;0;0;0;0;1;26;0;0;0;0;0;0;10000;11;0;0;0;0;0;0;0;0;0;0;0;0;0;0;0;0;0;0;0;0;0;0;0;0;0;129;0;0;0;0;0
8g_nop_100x100;0;100;26;0;0;0;0;0;0;100;0;0;0;0;1;0;0;0;0;1;26;0;0;0;0;0;0;0;10011;0;0;0;0;0;0;0;0;0;0;0;0;0;0;0;0;0;0;0;0;0;0;0;0;0;129;0;0;0;0;0
8g_or_100x100;0;100;26;0;0;0;0;0;0;100;0;0;0;0;1;0;0;0;0;1;26;0;0;0;0;0;0;0;11;10000;0;0;0;0;0;0;0;0;0;0;0;0;0;0;0;0;0;0;0;0;0;0;0;0;129;0;0;0;0;0
8g_ori_100x100;0;100;26;0;0;0;0;0;0;100;0;0;0;0;1;0;0;0;0;1;26;0;0;0;0;0;0;0;11;0;10000;0;0;0;0;0;0;0;0;0;0;0;0;0;0;0;0;0;0;0;0;0;0;0;129;0;0;0;0;0
8g_rem_100x100;0;100;26;0;0;0;0;0;0;100;0;0;0;0;1;0;0;0;0;1;26;0;0;0;0;0;0;0;11;0;0;10000;0;0;0;0;0;0;0;0;0;0;0;0;0;0;0;0;0;0;0;0;0;0;63755;0;0;0;0;0
8g_remu_100x100;0;100;26;0;0;0;0;0;0;100;0;0;0;0;1;0;0;0;0;1;26;0;0;0;0;0;0;0;11;0;0;0;10000;0;0;0;0;0;0;0;0;0;0;0;0;0;0;0;0;0;0;0;0;0;73163;0;0;0;0;0
8g_remuw_100x100;0;100;26;0;0;0;0;0;0;100;0;0;0;0;1;0;0;0;0;1;26;0;0;0;0;0;0;0;11;0;0;0;0;10000;0;0;0;0;0;0;0;0;0;0;0;0;0;0;0;0;0;0;0;0;70753;0;0;0;0;0
8g_remw_100x100;0;100;26;0;0;0;0;0;0;100;0;0;0;0;1;0;0;0;0;1;26;0;0;0;0;0;0;0;11;0;0;0;0;0;10000;0;0;0;0;0;0;0;0;0;0;0;0;0;0;0;0;0;0;0;66980;0;0;0;0;0
8g_sb_100x100;0;100;21;0;0;0;0;0;0;100;0;0;0;0;1;0;0;0;0;6;21;0;0;0;0;0;0;0;16;0;0;0;0;0;0;10000;0;0;0;0;0;0;0;0;0;0;0;0;0;0;0;0;0;0;59493;0;0;0;0;0
8g_sh_100x100;0;100;23;0;0;0;0;0;0;100;0;0;0;0;1;0;0;0;0;4;23;0;0;0;0;0;0;0;14;0;0;0;0;0;0;0;0;10000;0;0;0;0;0;0;0;0;0;0;0;0;0;0;0;0;59493;0;0;0;0;0
8g_sll_100x100;0;100;26;0;0;0;0;0;0;100;0;0;0;0;1;0;0;0;0;1;26;0;0;0;0;0;0;0;11;0;0;0;0;0;0;0;0;0;10000;0;0;0;0;0;0;0;0;0;0;0;0;0;0;0;129;0;0;0;0;0
8g_slli_100x100;0;100;26;0;0;0;0;0;0;100;0;0;0;0;1;0;0;0;0;1;26;0;0;0;0;0;0;0;11;0;0;0;0;0;0;0;0;0;0;10000;0;0;0;0;0;0;0;0;0;0;0;0;0;0;129;0;0;0;0;0
8g_slliw_100x100;0;100;26;0;0;0;0;0;0;100;0;0;0;0;1;0;0;0;0;1;26;0;0;0;0;0;0;0;11;0;0;0;0;0;0;0;0;0;0;0;10000;0;0;0;0;0;0;0;0;0;0;0;0;0;129;0;0;0;0;0
8g_sllw_100x100;0;100;26;0;0;0;0;0;0;100;0;0;0;0;1;0;0;0;0;1;26;0;0;0;0;0;0;0;11;0;0;0;0;0;0;0;0;0;0;0;0;10000;0;0;0;0;0;0;0;0;0;0;0;0;129;0;0;0;0;0
8g_slt_100x100;0;100;26;0;0;0;0;0;0;100;0;0;0;0;1;0;0;0;0;1;26;0;0;0;0;0;0;0;11;0;0;0;0;0;0;0;0;0;0;0;0;0;10000;0;0;0;0;0;0;0;0;0;0;0;129;0;0;0;0;0
8g_slti_100x100;0;100;26;0;0;0;0;0;0;100;0;0;0;0;1;0;0;0;0;1;26;0;0;0;0;0;0;0;11;0;0;0;0;0;0;0;0;0;0;0;0;0;0;10000;0;0;0;0;0;0;0;0;0;0;129;0;0;0;0;0
8g_sltiu_100x100;0;100;26;0;0;0;0;0;0;100;0;0;0;0;1;0;0;0;0;1;26;0;0;0;0;0;0;0;11;0;0;0;0;0;0;0;100;0;0;0;0;0;0;0;9900;0;0;0;0;0;0;0;0;0;129;0;0;0;0;0
8g_sltu_100x100;0;100;25;0;0;0;0;0;0;100;0;0;0;0;1;0;0;0;0;1;26;0;0;0;0;0;0;0;12;0;0;0;0;0;0;0;0;0;0;0;0;0;0;0;0;10000;0;0;0;0;0;0;0;0;129;0;0;0;0;0
8g_sra_100x100;0;100;26;0;0;0;0;0;0;100;0;0;0;0;1;0;0;0;0;1;26;0;0;0;0;0;0;0;11;0;0;0;0;0;0;0;0;0;0;0;0;0;0;0;0;0;10000;0;0;0;0;0;0;0;129;0;0;0;0;0
8g_srai_100x100;0;100;26;0;0;0;0;0;0;100;0;0;0;0;1;0;0;0;0;1;26;0;0;0;0;0;0;0;11;0;0;0;0;0;0;0;0;0;0;0;0;0;0;0;0;0;0;10000;0;0;0;0;0;0;129;0;0;0;0;0
8g_sraiw_100x100;0;100;26;0;0;0;0;0;0;100;0;0;0;0;1;0;0;0;0;1;26;0;0;0;0;0;0;0;11;0;0;0;0;0;0;0;0;0;0;0;0;0;0;0;0;0;0;0;10000;0;0;0;0;0;129;0;0;0;0;0
8g_sraw_100x100;0;100;26;0;0;0;0;0;0;100;0;0;0;0;1;0;0;0;0;1;26;0;0;0;0;0;0;0;11;0;0;0;0;0;0;0;0;0;0;0;0;0;0;0;0;0;0;0;0;10000;0;0;0;0;129;0;0;0;0;0
8g_srl_100x100;0;100;26;0;0;0;0;0;0;100;0;0;0;0;1;0;0;0;0;1;26;0;0;0;0;0;0;0;11;0;0;0;0;0;0;0;0;0;0;0;0;0;0;0;0;0;0;0;0;0;10000;0;0;0;129;0;0;0;0;0
8g_srli_100x100;0;100;26;0;0;0;0;0;0;100;0;0;0;0;1;0;0;0;0;1;26;0;0;0;0;0;0;0;11;0;0;0;0;0;0;0;0;0;0;0;0;0;0;0;0;0;0;0;0;0;0;10000;0;0;129;0;0;0;0;0
8g_srliw_100x100;0;100;26;0;0;0;0;0;0;100;0;0;0;0;1;0;0;0;0;1;26;0;0;0;0;0;0;0;11;0;0;0;0;0;0;0;0;0;0;0;0;0;0;0;0;0;0;0;0;0;0;0;10000;0;129;0;0;0;0;0
8g_srlw_100x100;0;100;25;0;0;0;0;0;0;100;0;0;0;0;1;0;0;0;0;1;26;0;0;0;0;0;0;0;12;0;0;0;0;0;0;0;0;0;0;0;0;0;0;0;0;0;0;0;0;0;0;0;0;10000;129;0;0;0;0;0
8g_sub_100x100;0;100;26;0;0;0;0;0;0;100;0;0;0;0;1;0;0;0;0;1;26;0;0;0;0;0;0;0;11;0;0;0;0;0;0;0;0;0;0;0;0;0;0;0;0;0;0;0;0;0;0;0;0;0;129;10000;0;0;0;0
8g_subw_100x100;0;100;26;0;0;0;0;0;0;100;0;0;0;0;1;0;0;0;0;1;26;0;0;0;0;0;0;0;11;0;0;0;0;0;0;0;0;0;0;0;0;0;0;0;0;0;0;0;0;0;0;0;0;0;129;0;10000;0;0;0
8g_sw_100x100;0;100;21;0;0;0;0;0;0;100;0;0;0;0;1;0;0;0;0;6;21;0;0;0;0;0;0;0;16;0;0;0;0;0;0;0;0;0;0;0;0;0;0;0;0;0;0;0;0;0;0;0;0;0;59493;0;0;10000;0;0
8g_xor_100x100;0;100;26;0;0;0;0;0;0;100;0;0;0;0;1;0;0;0;0;1;26;0;0;0;0;0;0;0;11;0;0;0;0;0;0;0;0;0;0;0;0;0;0;0;0;0;0;0;0;0;0;0;0;0;129;0;0;0;10000;0
8g_xori_100x100;0;100;26;0;0;0;0;0;0;100;0;0;0;0;1;0;0;0;0;1;26;0;0;0;0;0;0;0;11;0;0;0;0;0;0;0;0;0;0;0;0;0;0;0;0;0;0;0;0;0;0;0;0;0;129;0;0;0;0;10000
8h_add_100x100;10000;100;26;0;0;0;0;0;0;100;0;0;0;0;1;0;0;0;0;1;26;0;0;0;0;0;0;0;11;0;0;0;0;0;0;0;0;0;0;0;0;0;0;0;0;0;0;0;0;0;0;0;0;0;129;0;0;0;0;0
8h_addi_100x100;0;10100;26;0;0;0;0;0;0;100;0;0;0;0;1;0;0;0;0;1;26;0;0;0;0;0;0;0;11;0;0;0;0;0;0;0;0;0;0;0;0;0;0;0;0;0;0;0;0;0;0;0;0;0;129;0;0;0;0;0
8h_addiw_100x100;0;100;10026;0;0;0;0;0;0;100;0;0;0;0;1;0;0;0;0;1;26;0;0;0;0;0;0;0;11;0;0;0;0;0;0;0;0;0;0;0;0;0;0;0;0;0;0;0;0;0;0;0;0;0;129;0;0;0;0;0
8h_addw_100x100;0;100;26;10000;0;0;0;0;0;100;0;0;0;0;1;0;0;0;0;1;26;0;0;0;0;0;0;0;11;0;0;0;0;0;0;0;0;0;0;0;0;0;0;0;0;0;0;0;0;0;0;0;0;0;129;0;0;0;0;0
8h_and_100x100;0;100;26;0;10000;0;0;0;0;100;0;0;0;0;1;0;0;0;0;1;26;0;0;0;0;0;0;0;11;0;0;0;0;0;0;0;0;0;0;0;0;0;0;0;0;0;0;0;0;0;0;0;0;0;129;0;0;0;0;0
8h_andi_100x100;0;100;26;0;0;10000;0;0;0;100;0;0;0;0;1;0;0;0;0;1;26;0;0;0;0;0;0;0;11;0;0;0;0;0;0;0;0;0;0;0;0;0;0;0;0;0;0;0;0;0;0;0;0;0;129;0;0;0;0;0
8h_auipc_100x100;0;100;25;0;0;0;10000;0;0;100;0;0;0;0;1;0;0;0;0;1;26;0;0;0;0;0;0;0;12;0;0;0;0;0;0;0;0;0;0;0;0;0;0;0;0;0;0;0;0;0;0;0;0;0;129;0;0;0;0;0
8h_div_100x100;0;100;26;0;0;0;0;0;0;100;10000;0;0;0;1;0;0;0;0;1;26;0;0;0;0;0;0;0;11;0;0;0;0;0;0;0;0;0;0;0;0;0;0;0;0;0;0;0;0;0;0;0;0;0;57451;0;0;0;0;0
8h_divu_100x100;0;100;26;0;0;0;0;0;0;100;0;10000;0;0;1;0;0;0;0;1;26;0;0;0;0;0;0;0;11;0;0;0;0;0;0;0;0;0;0;0;0;0;0;0;0;0;0;0;0;0;0;0;0;0;60856;0;0;0;0;0
8h_divuw_100x100;0;100;26;0;0;0;0;0;0;100;0;0;10000;0;1;0;0;0;0;1;26;0;0;0;0;0;0;0;11;0;0;0;0;0;0;0;0;0;0;0;0;0;0;0;0;0;0;0;0;0;0;0;0;0;62653;0;0;0;0;0
8h_divw_100x100;0;100;26;0;0;0;0;0;0;100;0;0;0;10000;1;0;0;0;0;1;26;0;0;0;0;0;0;0;11;0;0;0;0;0;0;0;0;0;0;0;0;0;0;0;0;0;0;0;0;0;0;0;0;0;61651;0;0;0;0;0
8h_lb_100x100;0;0;26;0;0;0;0;0;0;0;0;0;0;0;0;1;0;0;0;1;26;0;0;0;0;0;0;0;11;0;0;0;0;0;0;0;0;0;0;0;0;0;0;0;0;0;0;0;0;0;0;0;0;0;249898;0;0;0;0;0
8h_lbu_100x100;0;0;26;0;0;0;0;0;0;0;0;0;0;0;0;0;1;0;0;1;26;0;0;0;0;0;0;0;11;0;0;0;0;0;0;0;0;0;0;0;0;0;0;0;0;0;0;0;0;0;0;0;0;0;249898;0;0;0;0;0
8h_lh_100x100;0;0;26;0;0;0;0;0;0;0;0;0;0;0;0;0;0;1;0;1;26;0;0;0;0;0;0;0;11;0;0;0;0;0;0;0;0;0;0;0;0;0;0;0;0;0;0;0;0;0;0;0;0;0;249898;0;0;0;0;0
8h_lhu_100x100;0;0;26;0;0;0;0;0;0;0;0;0;0;0;0;0;0;0;1;1;26;0;0;0;0;0;0;0;11;0;0;0;0;0;0;0;0;0;0;0;0;0;0;0;0;0;0;0;0;0;0;0;0;0;249898;0;0;0;0;0
8h_lui_100x100;0;100;26;0;0;0;0;0;0;100;0;0;0;0;1;0;0;0;0;1;10026;0;0;0;0;0;0;0;11;0;0;0;0;0;0;0;0;0;0;0;0;0;0;0;0;0;0;0;0;0;0;0;0;0;129;0;0;0;0;0
8h_lw_100x100;0;0;26;0;0;0;0;0;0;0;0;0;0;0;0;0;0;0;0;1;26;1;0;0;0;0;0;0;11;0;0;0;0;0;0;0;0;0;0;0;0;0;0;0;0;0;0;0;0;0;0;0;0;0;249898;0;0;0;0;0
8h_mul_100x100;0;100;26;0;0;0;0;0;0;100;0;0;0;0;1;0;0;0;0;1;26;0;10000;0;0;0;0;0;11;0;0;0;0;0;0;0;0;0;0;0;0;0;0;0;0;0;0;0;0;0;0;0;0;0;57856;0;0;0;0;0
8h_mulh_100x100;0;100;26;0;0;0;0;0;0;100;0;0;0;0;1;0;0;0;0;1;26;0;0;10000;0;0;0;0;11;0;0;0;0;0;0;0;0;0;0;0;0;0;0;0;0;0;0;0;0;0;0;0;0;0;111053;0;0;0;0;0
8h_mulhsu_100x100;0;100;26;0;0;0;0;0;0;100;0;0;0;0;1;0;0;0;0;1;26;0;0;0;10000;0;0;0;11;0;0;0;0;0;0;0;0;0;0;0;0;0;0;0;0;0;0;0;0;0;0;0;0;0;109230;0;0;0;0;0
8h_mulhu_100x100;0;100;26;0;0;0;0;0;0;100;0;0;0;0;1;0;0;0;0;1;26;0;0;0;0;10000;0;0;11;0;0;0;0;0;0;0;0;0;0;0;0;0;0;0;0;0;0;0;0;0;0;0;0;0;109058;0;0;0;0;0
8h_mulw_100x100;0;100;26;0;0;0;0;0;0;100;0;0;0;0;1;0;0;0;0;1;26;0;0;0;0;0;10000;0;11;0;0;0;0;0;0;0;0;0;0;0;0;0;0;0;0;0;0;0;0;0;0;0;0;0;58860;0;0;0;0;0
8h_mv_100x100;0;100;25;0;0;0;0;0;0;100;0;0;0;0;1;0;0;0;0;2;25;0;0;0;0;0;0;10000;12;0;0;0;0;0;0;0;0;0;0;0;0;0;0;0;0;0;0;0;0;0;0;0;0;0;129;0;0;0;0;0
8h_nop_100x100;0;100;26;0;0;0;0;0;0;100;0;0;0;0;1;0;0;0;0;1;26;0;0;0;0;0;0;0;10011;0;0;0;0;0;0;0;0;0;0;0;0;0;0;0;0;0;0;0;0;0;0;0;0;0;129;0;0;0;0;0
8h_remu_100x100;0;100;26;0;0;0;0;0;0;100;0;0;0;0;1;0;0;0;0;1;26;0;0;0;0;0;0;0;11;0;0;0;10000;0;0;0;0;0;0;0;0;0;0;0;0;0;0;0;0;0;0;0;0;0;65056;0;0;0;0;0
9_beq_false;0;0;26;0;0;0;0;1014;0;0;0;0;0;0;1;0;0;0;0;1;26;0;0;0;0;0;0;0;11;0;0;0;0;0;0;0;0;0;0;0;0;0;0;0;0;0;0;0;0;0;0;0;0;0;489;0;0;0;0;0
9_beq_true;0;0;0;0;0;0;0;0;249917;0;0;0;0;0;0;0;0;0;0;0;0;0;0;0;0;0;0;0;0;0;0;0;0;0;0;0;0;0;0;0;0;0;0;0;0;0;0;0;0;0;0;0;0;0;46;0;0;0;0;0
9_j;0;0;0;0;0;0;0;0;0;0;0;0;0;0;249944;0;0;0;0;0;0;0;0;0;0;0;0;0;0;0;0;0;0;0;0;0;0;0;0;0;0;0;0;0;0;0;0;0;0;0;0;0;0;0;19;0;0;0;0;0
Total;4298000;145400;94426;80000;80000;80000;80000;1014;249917;65400;80000;80000;80000;80000;250464;9;8;8;8;681;94439;8;80000;80000;80000;80000;80000;80000;86294;70000;70000;70000;80000;70000;70000;70000;100;70000;70000;70000;70000;70000;70000;70000;69900;70000;70000;70000;70000;70000;70000;70000;70000;70000;18798521;70000;70000;70000;70000;70000
